Iteration,Whale_ID,Dim_0,Dim_1,Fitness
0,0,8,26,204.4928823130104
0,1,8,28,152.21376839208614
0,2,6,40,212.82356419529893
0,3,6,40,212.82356419529893
0,4,1,33,8881.846739054889
0,5,6,33,347.60038249669947
0,6,1,40,10144.926489803664
0,7,1,40,10144.926489803664
0,8,3,39,555.4051737158319
0,9,1,32,9822.571918881076
0,10,1,36,11004.020587826
0,11,1,40,10144.926489803664
0,12,3,40,689.6360060877576
0,13,5,23,289.880806033904
0,14,1,38,9809.393637341856
0,15,10,35,66.90346988411262
0,16,1,36,11004.020587826
0,17,10,34,70.07687693135026
0,18,4,34,460.4108136840173
0,19,1,24,14370.445007576307
0,20,6,24,227.5507309167414
0,21,3,25,802.8510671650974
0,22,10,37,71.77934031695588
0,23,10,11,0.38677291436549505
0,24,1,11,15994.770685114296
0,25,3,12,139.15577884931554
0,26,1,11,15994.770685114296
0,27,1,13,12930.64164109591
0,28,1,11,15994.770685114296
0,29,10,11,0.38677291436549505
1,0,10,11,0.38677291436549505
1,1,1,11,15994.770685114296
1,2,1,11,15994.770685114296
1,3,10,19,89.9951635332597
1,4,2,40,1062.5737793148442
1,5,4,11,23.615858403083852
1,6,2,40,1062.5737793148442
1,7,1,11,15994.770685114296
1,8,2,11,214.7481985309948
1,9,4,40,577.9591444994529
1,10,1,40,10144.926489803664
1,11,1,11,15994.770685114296
1,12,5,40,288.03622284261905
1,13,2,11,214.7481985309948
1,14,1,11,15994.770685114296
1,15,5,16,120.98238377388736
1,16,1,16,14954.654032165474
1,17,5,11,25.032759867456278
1,18,1,14,13107.822171636133
1,19,1,40,10144.926489803664
1,20,10,11,0.38677291436549505
1,21,1,21,19357.459389042473
1,22,3,40,689.6360060877576
1,23,1,22,15795.546130097324
1,24,1,11,15994.770685114296
1,25,5,32,438.707127049318
1,26,1,40,10144.926489803664
1,27,1,17,14893.944130997392
1,28,1,11,15994.770685114296
1,29,6,11,18.3585053911509
2,0,1,20,19829.388450030907
2,1,1,14,13107.822171636133
2,2,1,11,15994.770685114296
2,3,3,11,80.58132636069803
2,4,1,13,12930.64164109591
2,5,1,30,12247.016599209379
2,6,1,36,11004.020587826
2,7,1,11,15994.770685114296
2,8,1,19,22248.977633294893
2,9,3,26,771.3407790858223
2,10,1,40,10144.926489803664
2,11,1,14,13107.822171636133
2,12,3,40,689.6360060877576
2,13,5,11,25.032759867456278
2,14,2,11,214.7481985309948
2,15,2,17,1035.3360795701558
2,16,1,17,14893.944130997392
2,17,2,23,1712.941433890952
2,18,6,32,384.3122871857341
2,19,1,32,9822.571918881076
2,20,1,13,12930.64164109591
2,21,1,18,21477.150602376554
2,22,1,11,15994.770685114296
2,23,1,15,15300.53434362007
2,24,1,11,15994.770685114296
2,25,1,40,10144.926489803664
2,26,1,25,13928.548558227427
2,27,1,16,14954.654032165474
2,28,1,11,15994.770685114296
2,29,1,11,15994.770685114296
3,0,1,18,21477.150602376554
3,1,1,15,15300.53434362007
3,2,1,19,22248.977633294893
3,3,2,20,1244.4987385322336
3,4,1,11,15994.770685114296
3,5,1,29,9822.765273247449
3,6,1,37,9928.819932334172
3,7,3,11,80.58132636069803
3,8,1,19,22248.977633294893
3,9,1,28,9860.362554016345
3,10,1,40,10144.926489803664
3,11,1,11,15994.770685114296
3,12,1,39,9031.802153997565
3,13,1,21,19357.459389042473
3,14,4,11,23.615858403083852
3,15,1,20,19829.388450030907
3,16,1,17,14893.944130997392
3,17,1,14,13107.822171636133
3,18,2,15,652.9188964323979
3,19,1,40,10144.926489803664
3,20,1,20,19829.388450030907
3,21,1,11,15994.770685114296
3,22,1,16,14954.654032165474
3,23,1,18,21477.150602376554
3,24,1,11,15994.770685114296
3,25,1,11,15994.770685114296
3,26,1,17,14893.944130997392
3,27,1,25,13928.548558227427
3,28,1,20,19829.388450030907
3,29,1,19,22248.977633294893
4,0,2,14,620.893794739692
4,1,1,39,9031.802153997565
4,2,1,19,22248.977633294893
4,3,1,18,21477.150602376554
4,4,1,19,22248.977633294893
4,5,4,40,577.9591444994529
4,6,1,38,9809.393637341856
4,7,9,12,14.534151056652778
4,8,1,19,22248.977633294893
4,9,1,16,14954.654032165474
4,10,1,26,12428.879451190913
4,11,1,22,15795.546130097324
4,12,1,13,12930.64164109591
4,13,1,18,21477.150602376554
4,14,1,16,14954.654032165474
4,15,1,21,19357.459389042473
4,16,1,18,21477.150602376554
4,17,1,11,15994.770685114296
4,18,1,18,21477.150602376554
4,19,1,28,9860.362554016345
4,20,1,11,15994.770685114296
4,21,1,40,10144.926489803664
4,22,1,15,15300.53434362007
4,23,1,18,21477.150602376554
4,24,1,20,19829.388450030907
4,25,1,11,15994.770685114296
4,26,1,19,22248.977633294893
4,27,1,17,14893.944130997392
4,28,1,20,19829.388450030907
4,29,1,19,22248.977633294893
5,0,1,11,15994.770685114296
5,1,1,11,15994.770685114296
5,2,1,11,15994.770685114296
5,3,1,21,19357.459389042473
5,4,1,19,22248.977633294893
5,5,6,11,18.3585053911509
5,6,1,40,10144.926489803664
5,7,1,14,13107.822171636133
5,8,1,11,15994.770685114296
5,9,1,11,15994.770685114296
5,10,1,40,10144.926489803664
5,11,1,22,15795.546130097324
5,12,1,11,15994.770685114296
5,13,1,18,21477.150602376554
5,14,1,21,19357.459389042473
5,15,1,18,21477.150602376554
5,16,1,11,15994.770685114296
5,17,1,16,14954.654032165474
5,18,1,19,22248.977633294893
5,19,1,19,22248.977633294893
5,20,1,20,19829.388450030907
5,21,2,25,1504.6386237236907
5,22,1,11,15994.770685114296
5,23,2,32,1902.082955799861
5,24,1,40,10144.926489803664
5,25,1,38,9809.393637341856
5,26,1,19,22248.977633294893
5,27,1,16,14954.654032165474
5,28,1,11,15994.770685114296
5,29,1,19,22248.977633294893
6,0,2,11,214.7481985309948
6,1,1,14,13107.822171636133
6,2,1,15,15300.53434362007
6,3,1,17,14893.944130997392
6,4,1,18,21477.150602376554
6,5,1,15,15300.53434362007
6,6,1,31,11328.817474877527
6,7,2,11,214.7481985309948
6,8,1,32,9822.571918881076
6,9,1,11,15994.770685114296
6,10,1,31,11328.817474877527
6,11,1,17,14893.944130997392
6,12,1,11,15994.770685114296
6,13,2,11,214.7481985309948
6,14,1,23,13736.511423822714
6,15,1,18,21477.150602376554
6,16,1,18,21477.150602376554
6,17,1,19,22248.977633294893
6,18,1,31,11328.817474877527
6,19,1,11,15994.770685114296
6,20,1,17,14893.944130997392
6,21,1,24,14370.445007576307
6,22,1,17,14893.944130997392
6,23,1,40,10144.926489803664
6,24,1,11,15994.770685114296
6,25,1,11,15994.770685114296
6,26,1,19,22248.977633294893
6,27,1,20,19829.388450030907
6,28,1,20,19829.388450030907
6,29,1,19,22248.977633294893
7,0,3,26,771.3407790858223
7,1,1,15,15300.53434362007
7,2,1,11,15994.770685114296
7,3,1,11,15994.770685114296
7,4,1,19,22248.977633294893
7,5,1,16,14954.654032165474
7,6,1,30,12247.016599209379
7,7,1,11,15994.770685114296
7,8,1,32,9822.571918881076
7,9,1,11,15994.770685114296
7,10,1,20,19829.388450030907
7,11,1,11,15994.770685114296
7,12,1,21,19357.459389042473
7,13,1,21,19357.459389042473
7,14,2,11,214.7481985309948
7,15,1,28,9860.362554016345
7,16,1,18,21477.150602376554
7,17,1,19,22248.977633294893
7,18,1,40,10144.926489803664
7,19,1,20,19829.388450030907
7,20,1,11,15994.770685114296
7,21,1,30,12247.016599209379
7,22,1,11,15994.770685114296
7,23,2,40,1062.5737793148442
7,24,2,15,652.9188964323979
7,25,1,20,19829.388450030907
7,26,1,19,22248.977633294893
7,27,1,19,22248.977633294893
7,28,1,19,22248.977633294893
7,29,1,19,22248.977633294893
8,0,1,40,10144.926489803664
8,1,1,22,15795.546130097324
8,2,1,11,15994.770685114296
8,3,1,23,13736.511423822714
8,4,1,19,22248.977633294893
8,5,1,22,15795.546130097324
8,6,1,19,22248.977633294893
8,7,1,21,19357.459389042473
8,8,1,14,13107.822171636133
8,9,3,19,471.77794805826954
8,10,1,13,12930.64164109591
8,11,1,21,19357.459389042473
8,12,1,11,15994.770685114296
8,13,1,11,15994.770685114296
8,14,1,22,15795.546130097324
8,15,2,20,1244.4987385322336
8,16,1,11,15994.770685114296
8,17,1,19,22248.977633294893
8,18,1,40,10144.926489803664
8,19,2,40,1062.5737793148442
8,20,1,25,13928.548558227427
8,21,2,11,214.7481985309948
8,22,1,26,12428.879451190913
8,23,3,11,80.58132636069803
8,24,1,11,15994.770685114296
8,25,1,19,22248.977633294893
8,26,1,14,13107.822171636133
8,27,1,19,22248.977633294893
8,28,1,19,22248.977633294893
8,29,1,19,22248.977633294893
9,0,1,40,10144.926489803664
9,1,1,23,13736.511423822714
9,2,1,28,9860.362554016345
9,3,1,19,22248.977633294893
9,4,1,19,22248.977633294893
9,5,1,40,10144.926489803664
9,6,1,15,15300.53434362007
9,7,1,20,19829.388450030907
9,8,1,15,15300.53434362007
9,9,5,40,288.03622284261905
9,10,1,40,10144.926489803664
9,11,1,15,15300.53434362007
9,12,1,19,22248.977633294893
9,13,1,20,19829.388450030907
9,14,1,20,19829.388450030907
9,15,2,17,1035.3360795701558
9,16,1,32,9822.571918881076
9,17,1,19,22248.977633294893
9,18,1,28,9860.362554016345
9,19,1,13,12930.64164109591
9,20,1,11,15994.770685114296
9,21,2,11,214.7481985309948
9,22,1,18,21477.150602376554
9,23,1,40,10144.926489803664
9,24,1,11,15994.770685114296
9,25,1,27,11247.52956052155
9,26,1,25,13928.548558227427
9,27,1,11,15994.770685114296
9,28,1,15,15300.53434362007
9,29,1,19,22248.977633294893
10,0,1,29,9822.765273247449
10,1,1,25,13928.548558227427
10,2,1,26,12428.879451190913
10,3,1,19,22248.977633294893
10,4,1,19,22248.977633294893
10,5,1,11,15994.770685114296
10,6,1,22,15795.546130097324
10,7,1,11,15994.770685114296
10,8,1,19,22248.977633294893
10,9,1,40,10144.926489803664
10,10,1,40,10144.926489803664
10,11,1,16,14954.654032165474
10,12,2,11,214.7481985309948
10,13,1,18,21477.150602376554
10,14,1,18,21477.150602376554
10,15,3,25,802.8510671650974
10,16,1,24,14370.445007576307
10,17,1,19,22248.977633294893
10,18,1,11,15994.770685114296
10,19,1,20,19829.388450030907
10,20,1,20,19829.388450030907
10,21,1,21,19357.459389042473
10,22,1,19,22248.977633294893
10,23,1,11,15994.770685114296
10,24,1,34,11245.138991288677
10,25,1,11,15994.770685114296
10,26,1,40,10144.926489803664
10,27,1,11,15994.770685114296
10,28,1,18,21477.150602376554
10,29,1,19,22248.977633294893
11,0,1,13,12930.64164109591
11,1,1,15,15300.53434362007
11,2,1,15,15300.53434362007
11,3,1,20,19829.388450030907
11,4,1,13,12930.64164109591
11,5,1,15,15300.53434362007
11,6,1,17,14893.944130997392
11,7,1,19,22248.977633294893
11,8,1,40,10144.926489803664
11,9,1,40,10144.926489803664
11,10,1,27,11247.52956052155
11,11,1,20,19829.388450030907
11,12,1,25,13928.548558227427
11,13,1,22,15795.546130097324
11,14,1,21,19357.459389042473
11,15,1,37,9928.819932334172
11,16,1,32,9822.571918881076
11,17,2,40,1062.5737793148442
11,18,1,11,15994.770685114296
11,19,1,18,21477.150602376554
11,20,1,40,10144.926489803664
11,21,1,15,15300.53434362007
11,22,1,12,14278.781266027903
11,23,1,14,13107.822171636133
11,24,1,11,15994.770685114296
11,25,1,11,15994.770685114296
11,26,1,11,15994.770685114296
11,27,1,11,15994.770685114296
11,28,1,23,13736.511423822714
11,29,1,19,22248.977633294893
12,0,1,11,15994.770685114296
12,1,1,11,15994.770685114296
12,2,1,17,14893.944130997392
12,3,1,11,15994.770685114296
12,4,1,30,12247.016599209379
12,5,1,24,14370.445007576307
12,6,1,11,15994.770685114296
12,7,1,19,22248.977633294893
12,8,1,40,10144.926489803664
12,9,1,18,21477.150602376554
12,10,1,18,21477.150602376554
12,11,1,25,13928.548558227427
12,12,1,26,12428.879451190913
12,13,1,20,19829.388450030907
12,14,1,16,14954.654032165474
12,15,1,11,15994.770685114296
12,16,2,40,1062.5737793148442
12,17,1,11,15994.770685114296
12,18,3,40,689.6360060877576
12,19,1,19,22248.977633294893
12,20,1,15,15300.53434362007
12,21,1,14,13107.822171636133
12,22,1,11,15994.770685114296
12,23,1,11,15994.770685114296
12,24,1,21,19357.459389042473
12,25,1,11,15994.770685114296
12,26,1,21,19357.459389042473
12,27,1,11,15994.770685114296
12,28,1,16,14954.654032165474
12,29,1,19,22248.977633294893
13,0,1,11,15994.770685114296
13,1,1,40,10144.926489803664
13,2,1,18,21477.150602376554
13,3,1,14,13107.822171636133
13,4,1,30,12247.016599209379
13,5,1,27,11247.52956052155
13,6,1,25,13928.548558227427
13,7,1,19,22248.977633294893
13,8,1,40,10144.926489803664
13,9,1,18,21477.150602376554
13,10,1,28,9860.362554016345
13,11,1,23,13736.511423822714
13,12,1,23,13736.511423822714
13,13,1,18,21477.150602376554
13,14,1,19,22248.977633294893
13,15,1,17,14893.944130997392
13,16,1,40,10144.926489803664
13,17,1,37,9928.819932334172
13,18,1,11,15994.770685114296
13,19,1,19,22248.977633294893
13,20,1,19,22248.977633294893
13,21,1,24,14370.445007576307
13,22,1,11,15994.770685114296
13,23,1,14,13107.822171636133
13,24,1,24,14370.445007576307
13,25,1,11,15994.770685114296
13,26,1,17,14893.944130997392
13,27,1,11,15994.770685114296
13,28,1,18,21477.150602376554
13,29,1,22,15795.546130097324
14,0,1,17,14893.944130997392
14,1,1,15,15300.53434362007
14,2,1,24,14370.445007576307
14,3,1,19,22248.977633294893
14,4,2,14,620.893794739692
14,5,1,21,19357.459389042473
14,6,1,20,19829.388450030907
14,7,1,39,9031.802153997565
14,8,1,11,15994.770685114296
14,9,1,18,21477.150602376554
14,10,2,11,214.7481985309948
14,11,2,23,1712.941433890952
14,12,1,11,15994.770685114296
14,13,1,11,15994.770685114296
14,14,1,15,15300.53434362007
14,15,1,18,21477.150602376554
14,16,1,25,13928.548558227427
14,17,1,33,8881.846739054889
14,18,1,11,15994.770685114296
14,19,1,19,22248.977633294893
14,20,1,19,22248.977633294893
14,21,1,11,15994.770685114296
14,22,1,11,15994.770685114296
14,23,1,24,14370.445007576307
14,24,1,11,15994.770685114296
14,25,1,11,15994.770685114296
14,26,1,39,9031.802153997565
14,27,1,25,13928.548558227427
14,28,1,20,19829.388450030907
14,29,1,27,11247.52956052155
15,0,1,37,9928.819932334172
15,1,1,11,15994.770685114296
15,2,1,27,11247.52956052155
15,3,1,19,22248.977633294893
15,4,1,18,21477.150602376554
15,5,1,19,22248.977633294893
15,6,1,19,22248.977633294893
15,7,1,25,13928.548558227427
15,8,2,13,328.68253009758774
15,9,1,21,19357.459389042473
15,10,1,18,21477.150602376554
15,11,1,20,19829.388450030907
15,12,1,11,15994.770685114296
15,13,1,20,19829.388450030907
15,14,1,21,19357.459389042473
15,15,1,19,22248.977633294893
15,16,2,40,1062.5737793148442
15,17,1,11,15994.770685114296
15,18,2,21,1355.6400224824692
15,19,1,19,22248.977633294893
15,20,1,22,15795.546130097324
15,21,1,17,14893.944130997392
15,22,1,12,14278.781266027903
15,23,1,20,19829.388450030907
15,24,1,36,11004.020587826
15,25,1,11,15994.770685114296
15,26,1,18,21477.150602376554
15,27,1,11,15994.770685114296
15,28,2,29,1346.025999571024
15,29,1,11,15994.770685114296
16,0,1,12,14278.781266027903
16,1,1,27,11247.52956052155
16,2,1,11,15994.770685114296
16,3,1,19,22248.977633294893
16,4,1,40,10144.926489803664
16,5,1,21,19357.459389042473
16,6,1,38,9809.393637341856
16,7,1,11,15994.770685114296
16,8,2,29,1346.025999571024
16,9,1,19,22248.977633294893
16,10,1,19,22248.977633294893
16,11,1,28,9860.362554016345
16,12,1,29,9822.765273247449
16,13,1,19,22248.977633294893
16,14,2,17,1035.3360795701558
16,15,2,11,214.7481985309948
16,16,1,37,9928.819932334172
16,17,1,11,15994.770685114296
16,18,1,19,22248.977633294893
16,19,1,23,13736.511423822714
16,20,1,20,19829.388450030907
16,21,1,20,19829.388450030907
16,22,1,11,15994.770685114296
16,23,1,19,22248.977633294893
16,24,1,40,10144.926489803664
16,25,1,14,13107.822171636133
16,26,1,18,21477.150602376554
16,27,1,34,11245.138991288677
16,28,1,22,15795.546130097324
16,29,1,14,13107.822171636133
17,0,1,11,15994.770685114296
17,1,1,11,15994.770685114296
17,2,1,19,22248.977633294893
17,3,1,18,21477.150602376554
17,4,1,13,12930.64164109591
17,5,1,40,10144.926489803664
17,6,1,40,10144.926489803664
17,7,1,11,15994.770685114296
17,8,3,30,997.8809696625267
17,9,1,19,22248.977633294893
17,10,1,29,9822.765273247449
17,11,1,28,9860.362554016345
17,12,1,40,10144.926489803664
17,13,1,19,22248.977633294893
17,14,1,11,15994.770685114296
17,15,1,11,15994.770685114296
17,16,1,25,13928.548558227427
17,17,1,11,15994.770685114296
17,18,1,19,22248.977633294893
17,19,1,23,13736.511423822714
17,20,1,18,21477.150602376554
17,21,1,18,21477.150602376554
17,22,1,13,12930.64164109591
17,23,1,19,22248.977633294893
17,24,1,11,15994.770685114296
17,25,1,11,15994.770685114296
17,26,1,26,12428.879451190913
17,27,1,11,15994.770685114296
17,28,1,19,22248.977633294893
17,29,2,26,1236.9946672171022
18,0,1,11,15994.770685114296
18,1,1,17,14893.944130997392
18,2,1,19,22248.977633294893
18,3,1,13,12930.64164109591
18,4,1,11,15994.770685114296
18,5,1,11,15994.770685114296
18,6,1,27,11247.52956052155
18,7,1,11,15994.770685114296
18,8,4,18,193.47650713451966
18,9,1,40,10144.926489803664
18,10,1,40,10144.926489803664
18,11,1,13,12930.64164109591
18,12,1,39,9031.802153997565
18,13,2,40,1062.5737793148442
18,14,1,11,15994.770685114296
18,15,1,21,19357.459389042473
18,16,1,11,15994.770685114296
18,17,1,27,11247.52956052155
18,18,1,19,22248.977633294893
18,19,1,23,13736.511423822714
18,20,4,17,114.70974956031365
18,21,1,16,14954.654032165474
18,22,1,11,15994.770685114296
18,23,1,19,22248.977633294893
18,24,1,18,21477.150602376554
18,25,2,15,652.9188964323979
18,26,1,11,15994.770685114296
18,27,1,15,15300.53434362007
18,28,1,19,22248.977633294893
18,29,1,13,12930.64164109591
19,0,1,18,21477.150602376554
19,1,1,17,14893.944130997392
19,2,1,19,22248.977633294893
19,3,1,19,22248.977633294893
19,4,1,24,14370.445007576307
19,5,1,14,13107.822171636133
19,6,1,24,14370.445007576307
19,7,1,11,15994.770685114296
19,8,1,18,21477.150602376554
19,9,1,11,15994.770685114296
19,10,1,40,10144.926489803664
19,11,1,21,19357.459389042473
19,12,1,36,11004.020587826
19,13,1,11,15994.770685114296
19,14,1,14,13107.822171636133
19,15,1,17,14893.944130997392
19,16,1,14,13107.822171636133
19,17,1,17,14893.944130997392
19,18,2,11,214.7481985309948
19,19,2,11,214.7481985309948
19,20,1,11,15994.770685114296
19,21,1,20,19829.388450030907
19,22,1,25,13928.548558227427
19,23,1,15,15300.53434362007
19,24,1,18,21477.150602376554
19,25,1,18,21477.150602376554
19,26,1,11,15994.770685114296
19,27,1,39,9031.802153997565
19,28,1,11,15994.770685114296
19,29,1,19,22248.977633294893
20,0,2,11,214.7481985309948
20,1,1,18,21477.150602376554
20,2,1,12,14278.781266027903
20,3,1,19,22248.977633294893
20,4,1,23,13736.511423822714
20,5,1,11,15994.770685114296
20,6,1,28,9860.362554016345
20,7,1,15,15300.53434362007
20,8,1,11,15994.770685114296
20,9,1,40,10144.926489803664
20,10,1,35,11787.159545397419
20,11,1,18,21477.150602376554
20,12,2,39,1689.5845331858707
20,13,1,23,13736.511423822714
20,14,1,16,14954.654032165474
20,15,1,18,21477.150602376554
20,16,2,11,214.7481985309948
20,17,1,24,14370.445007576307
20,18,1,14,13107.822171636133
20,19,1,15,15300.53434362007
20,20,1,18,21477.150602376554
20,21,1,19,22248.977633294893
20,22,1,13,12930.64164109591
20,23,1,11,15994.770685114296
20,24,1,26,12428.879451190913
20,25,1,18,21477.150602376554
20,26,1,15,15300.53434362007
20,27,1,11,15994.770685114296
20,28,1,15,15300.53434362007
20,29,1,22,15795.546130097324
21,0,1,11,15994.770685114296
21,1,1,19,22248.977633294893
21,2,1,17,14893.944130997392
21,3,1,19,22248.977633294893
21,4,1,16,14954.654032165474
21,5,1,11,15994.770685114296
21,6,1,37,9928.819932334172
21,7,1,23,13736.511423822714
21,8,1,11,15994.770685114296
21,9,1,40,10144.926489803664
21,10,1,11,15994.770685114296
21,11,1,18,21477.150602376554
21,12,2,40,1062.5737793148442
21,13,1,12,14278.781266027903
21,14,1,17,14893.944130997392
21,15,1,18,21477.150602376554
21,16,3,14,135.32302902022863
21,17,1,40,10144.926489803664
21,18,1,11,15994.770685114296
21,19,1,20,19829.388450030907
21,20,1,13,12930.64164109591
21,21,1,14,13107.822171636133
21,22,1,17,14893.944130997392
21,23,1,20,19829.388450030907
21,24,2,11,214.7481985309948
21,25,1,19,22248.977633294893
21,26,2,39,1689.5845331858707
21,27,1,18,21477.150602376554
21,28,1,16,14954.654032165474
21,29,2,11,214.7481985309948
22,0,1,11,15994.770685114296
22,1,1,15,15300.53434362007
22,2,1,40,10144.926489803664
22,3,1,19,22248.977633294893
22,4,1,40,10144.926489803664
22,5,1,19,22248.977633294893
22,6,1,22,15795.546130097324
22,7,1,17,14893.944130997392
22,8,1,18,21477.150602376554
22,9,1,16,14954.654032165474
22,10,1,26,12428.879451190913
22,11,1,19,22248.977633294893
22,12,1,11,15994.770685114296
22,13,1,17,14893.944130997392
22,14,1,11,15994.770685114296
22,15,1,11,15994.770685114296
22,16,2,20,1244.4987385322336
22,17,1,11,15994.770685114296
22,18,1,17,14893.944130997392
22,19,1,39,9031.802153997565
22,20,1,19,22248.977633294893
22,21,1,11,15994.770685114296
22,22,1,14,13107.822171636133
22,23,1,11,15994.770685114296
22,24,1,25,13928.548558227427
22,25,1,19,22248.977633294893
22,26,1,11,15994.770685114296
22,27,1,19,22248.977633294893
22,28,1,17,14893.944130997392
22,29,3,11,80.58132636069803
23,0,1,16,14954.654032165474
23,1,2,15,652.9188964323979
23,2,1,11,15994.770685114296
23,3,1,27,11247.52956052155
23,4,1,40,10144.926489803664
23,5,1,16,14954.654032165474
23,6,1,31,11328.817474877527
23,7,1,15,15300.53434362007
23,8,1,19,22248.977633294893
23,9,1,17,14893.944130997392
23,10,1,11,15994.770685114296
23,11,1,26,12428.879451190913
23,12,1,14,13107.822171636133
23,13,1,21,19357.459389042473
23,14,1,11,15994.770685114296
23,15,1,38,9809.393637341856
23,16,1,28,9860.362554016345
23,17,1,31,11328.817474877527
23,18,1,17,14893.944130997392
23,19,1,13,12930.64164109591
23,20,1,19,22248.977633294893
23,21,1,19,22248.977633294893
23,22,1,16,14954.654032165474
23,23,1,39,9031.802153997565
23,24,1,20,19829.388450030907
23,25,1,13,12930.64164109591
23,26,1,15,15300.53434362007
23,27,1,19,22248.977633294893
23,28,1,16,14954.654032165474
23,29,1,20,19829.388450030907
24,0,1,27,11247.52956052155
24,1,1,16,14954.654032165474
24,2,1,28,9860.362554016345
24,3,1,22,15795.546130097324
24,4,2,38,1524.14427575578
24,5,1,19,22248.977633294893
24,6,1,11,15994.770685114296
24,7,1,15,15300.53434362007
24,8,1,19,22248.977633294893
24,9,1,19,22248.977633294893
24,10,1,11,15994.770685114296
24,11,1,14,13107.822171636133
24,12,1,19,22248.977633294893
24,13,1,33,8881.846739054889
24,14,1,11,15994.770685114296
24,15,1,12,14278.781266027903
24,16,1,28,9860.362554016345
24,17,1,11,15994.770685114296
24,18,1,11,15994.770685114296
24,19,1,17,14893.944130997392
24,20,1,19,22248.977633294893
24,21,2,29,1346.025999571024
24,22,1,17,14893.944130997392
24,23,1,11,15994.770685114296
24,24,1,19,22248.977633294893
24,25,1,19,22248.977633294893
24,26,1,17,14893.944130997392
24,27,1,19,22248.977633294893
24,28,1,17,14893.944130997392
24,29,1,11,15994.770685114296
25,0,1,11,15994.770685114296
25,1,1,17,14893.944130997392
25,2,1,11,15994.770685114296
25,3,1,24,14370.445007576307
25,4,1,17,14893.944130997392
25,5,1,17,14893.944130997392
25,6,1,16,14954.654032165474
25,7,1,12,14278.781266027903
25,8,1,40,10144.926489803664
25,9,1,19,22248.977633294893
25,10,1,21,19357.459389042473
25,11,1,17,14893.944130997392
25,12,1,19,22248.977633294893
25,13,1,11,15994.770685114296
25,14,1,13,12930.64164109591
25,15,1,20,19829.388450030907
25,16,1,19,22248.977633294893
25,17,2,19,918.3562151108097
25,18,1,14,13107.822171636133
25,19,1,11,15994.770685114296
25,20,1,19,22248.977633294893
25,21,2,22,1588.5045365430171
25,22,1,17,14893.944130997392
25,23,1,11,15994.770685114296
25,24,1,11,15994.770685114296
25,25,1,19,22248.977633294893
25,26,1,19,22248.977633294893
25,27,1,17,14893.944130997392
25,28,1,18,21477.150602376554
25,29,1,19,22248.977633294893
26,0,1,16,14954.654032165474
26,1,1,11,15994.770685114296
26,2,1,27,11247.52956052155
26,3,2,18,1008.6084196878388
26,4,1,14,13107.822171636133
26,5,1,20,19829.388450030907
26,6,1,20,19829.388450030907
26,7,1,19,22248.977633294893
26,8,1,32,9822.571918881076
26,9,1,19,22248.977633294893
26,10,1,40,10144.926489803664
26,11,1,17,14893.944130997392
26,12,1,19,22248.977633294893
26,13,1,18,21477.150602376554
26,14,1,20,19829.388450030907
26,15,1,18,21477.150602376554
26,16,1,16,14954.654032165474
26,17,1,19,22248.977633294893
26,18,1,23,13736.511423822714
26,19,1,15,15300.53434362007
26,20,1,19,22248.977633294893
26,21,2,28,1022.4224309896024
26,22,1,15,15300.53434362007
26,23,1,15,15300.53434362007
26,24,1,40,10144.926489803664
26,25,1,18,21477.150602376554
26,26,1,19,22248.977633294893
26,27,1,15,15300.53434362007
26,28,1,18,21477.150602376554
26,29,1,35,11787.159545397419
27,0,1,11,15994.770685114296
27,1,1,23,13736.511423822714
27,2,1,40,10144.926489803664
27,3,1,14,13107.822171636133
27,4,1,11,15994.770685114296
27,5,1,19,22248.977633294893
27,6,1,20,19829.388450030907
27,7,1,29,9822.765273247449
27,8,1,22,15795.546130097324
27,9,1,36,11004.020587826
27,10,1,18,21477.150602376554
27,11,1,15,15300.53434362007
27,12,1,19,22248.977633294893
27,13,1,30,12247.016599209379
27,14,1,19,22248.977633294893
27,15,1,19,22248.977633294893
27,16,1,17,14893.944130997392
27,17,1,19,22248.977633294893
27,18,1,20,19829.388450030907
27,19,1,17,14893.944130997392
27,20,1,13,12930.64164109591
27,21,1,11,15994.770685114296
27,22,1,18,21477.150602376554
27,23,1,12,14278.781266027903
27,24,1,11,15994.770685114296
27,25,1,18,21477.150602376554
27,26,1,19,22248.977633294893
27,27,1,11,15994.770685114296
27,28,1,11,15994.770685114296
27,29,1,11,15994.770685114296
28,0,1,24,14370.445007576307
28,1,1,24,14370.445007576307
28,2,1,11,15994.770685114296
28,3,1,24,14370.445007576307
28,4,1,22,15795.546130097324
28,5,1,19,22248.977633294893
28,6,1,28,9860.362554016345
28,7,1,11,15994.770685114296
28,8,1,26,12428.879451190913
28,9,1,17,14893.944130997392
28,10,1,19,22248.977633294893
28,11,1,24,14370.445007576307
28,12,1,40,10144.926489803664
28,13,1,40,10144.926489803664
28,14,1,19,22248.977633294893
28,15,1,18,21477.150602376554
28,16,1,17,14893.944130997392
28,17,1,11,15994.770685114296
28,18,1,19,22248.977633294893
28,19,1,20,19829.388450030907
28,20,1,14,13107.822171636133
28,21,1,11,15994.770685114296
28,22,1,18,21477.150602376554
28,23,1,19,22248.977633294893
28,24,1,19,22248.977633294893
28,25,1,18,21477.150602376554
28,26,1,17,14893.944130997392
28,27,1,33,8881.846739054889
28,28,1,21,19357.459389042473
28,29,1,11,15994.770685114296
29,0,1,28,9860.362554016345
29,1,1,11,15994.770685114296
29,2,1,16,14954.654032165474
29,3,1,18,21477.150602376554
29,4,1,19,22248.977633294893
29,5,2,40,1062.5737793148442
29,6,1,21,19357.459389042473
29,7,1,14,13107.822171636133
29,8,1,36,11004.020587826
29,9,1,18,21477.150602376554
29,10,1,37,9928.819932334172
29,11,1,40,10144.926489803664
29,12,1,33,8881.846739054889
29,13,1,29,9822.765273247449
29,14,1,19,22248.977633294893
29,15,1,19,22248.977633294893
29,16,1,11,15994.770685114296
29,17,1,14,13107.822171636133
29,18,1,11,15994.770685114296
29,19,1,19,22248.977633294893
29,20,1,11,15994.770685114296
29,21,1,26,12428.879451190913
29,22,1,18,21477.150602376554
29,23,1,19,22248.977633294893
29,24,1,19,22248.977633294893
29,25,1,11,15994.770685114296
29,26,1,17,14893.944130997392
29,27,1,40,10144.926489803664
29,28,1,20,19829.388450030907
29,29,1,14,13107.822171636133
30,0,1,22,15795.546130097324
30,1,1,26,12428.879451190913
30,2,1,19,22248.977633294893
30,3,1,19,22248.977633294893
30,4,1,29,9822.765273247449
30,5,1,11,15994.770685114296
30,6,1,11,15994.770685114296
30,7,1,22,15795.546130097324
30,8,1,24,14370.445007576307
30,9,1,20,19829.388450030907
30,10,1,13,12930.64164109591
30,11,1,36,11004.020587826
30,12,1,15,15300.53434362007
30,13,1,11,15994.770685114296
30,14,1,18,21477.150602376554
30,15,1,19,22248.977633294893
30,16,1,17,14893.944130997392
30,17,1,15,15300.53434362007
30,18,1,15,15300.53434362007
30,19,1,22,15795.546130097324
30,20,1,26,12428.879451190913
30,21,1,40,10144.926489803664
30,22,1,40,10144.926489803664
30,23,1,19,22248.977633294893
30,24,1,11,15994.770685114296
30,25,1,18,21477.150602376554
30,26,2,13,328.68253009758774
30,27,1,12,14278.781266027903
30,28,1,11,15994.770685114296
30,29,1,11,15994.770685114296
31,0,1,24,14370.445007576307
31,1,1,20,19829.388450030907
31,2,1,11,15994.770685114296
31,3,1,19,22248.977633294893
31,4,1,19,22248.977633294893
31,5,1,29,9822.765273247449
31,6,1,17,14893.944130997392
31,7,1,34,11245.138991288677
31,8,1,16,14954.654032165474
31,9,1,11,15994.770685114296
31,10,1,17,14893.944130997392
31,11,1,11,15994.770685114296
31,12,1,11,15994.770685114296
31,13,1,21,19357.459389042473
31,14,1,18,21477.150602376554
31,15,1,19,22248.977633294893
31,16,1,18,21477.150602376554
31,17,1,17,14893.944130997392
31,18,1,31,11328.817474877527
31,19,1,15,15300.53434362007
31,20,1,18,21477.150602376554
31,21,2,40,1062.5737793148442
31,22,1,40,10144.926489803664
31,23,1,19,22248.977633294893
31,24,1,14,13107.822171636133
31,25,1,18,21477.150602376554
31,26,1,16,14954.654032165474
31,27,1,11,15994.770685114296
31,28,1,18,21477.150602376554
31,29,1,22,15795.546130097324
32,0,1,18,21477.150602376554
32,1,1,19,22248.977633294893
32,2,1,17,14893.944130997392
32,3,1,15,15300.53434362007
32,4,1,19,22248.977633294893
32,5,1,26,12428.879451190913
32,6,1,11,15994.770685114296
32,7,1,20,19829.388450030907
32,8,1,18,21477.150602376554
32,9,1,24,14370.445007576307
32,10,1,33,8881.846739054889
32,11,1,11,15994.770685114296
32,12,1,14,13107.822171636133
32,13,1,13,12930.64164109591
32,14,1,40,10144.926489803664
32,15,1,11,15994.770685114296
32,16,1,18,21477.150602376554
32,17,1,40,10144.926489803664
32,18,1,40,10144.926489803664
32,19,1,16,14954.654032165474
32,20,1,11,15994.770685114296
32,21,1,11,15994.770685114296
32,22,1,11,15994.770685114296
32,23,1,17,14893.944130997392
32,24,1,14,13107.822171636133
32,25,1,21,19357.459389042473
32,26,1,11,15994.770685114296
32,27,1,15,15300.53434362007
32,28,1,19,22248.977633294893
32,29,1,19,22248.977633294893
33,0,1,20,19829.388450030907
33,1,1,19,22248.977633294893
33,2,1,18,21477.150602376554
33,3,1,20,19829.388450030907
33,4,1,18,21477.150602376554
33,5,1,40,10144.926489803664
33,6,1,11,15994.770685114296
33,7,1,29,9822.765273247449
33,8,1,18,21477.150602376554
33,9,1,31,11328.817474877527
33,10,2,40,1062.5737793148442
33,11,1,14,13107.822171636133
33,12,1,11,15994.770685114296
33,13,1,15,15300.53434362007
33,14,1,19,22248.977633294893
33,15,1,20,19829.388450030907
33,16,1,23,13736.511423822714
33,17,1,15,15300.53434362007
33,18,2,17,1035.3360795701558
33,19,1,11,15994.770685114296
33,20,1,14,13107.822171636133
33,21,1,21,19357.459389042473
33,22,1,15,15300.53434362007
33,23,1,18,21477.150602376554
33,24,1,11,15994.770685114296
33,25,1,40,10144.926489803664
33,26,1,21,19357.459389042473
33,27,1,16,14954.654032165474
33,28,1,22,15795.546130097324
33,29,1,19,22248.977633294893
34,0,1,18,21477.150602376554
34,1,1,19,22248.977633294893
34,2,1,15,15300.53434362007
34,3,1,27,11247.52956052155
34,4,1,18,21477.150602376554
34,5,1,12,14278.781266027903
34,6,1,35,11787.159545397419
34,7,1,14,13107.822171636133
34,8,1,20,19829.388450030907
34,9,1,21,19357.459389042473
34,10,1,23,13736.511423822714
34,11,1,11,15994.770685114296
34,12,1,18,21477.150602376554
34,13,1,22,15795.546130097324
34,14,1,27,11247.52956052155
34,15,1,18,21477.150602376554
34,16,1,22,15795.546130097324
34,17,1,19,22248.977633294893
34,18,2,11,214.7481985309948
34,19,1,21,19357.459389042473
34,20,1,25,13928.548558227427
34,21,1,19,22248.977633294893
34,22,1,19,22248.977633294893
34,23,1,19,22248.977633294893
34,24,1,20,19829.388450030907
34,25,1,40,10144.926489803664
34,26,1,31,11328.817474877527
34,27,1,11,15994.770685114296
34,28,1,25,13928.548558227427
34,29,1,23,13736.511423822714
35,0,1,18,21477.150602376554
35,1,1,19,22248.977633294893
35,2,1,17,14893.944130997392
35,3,1,21,19357.459389042473
35,4,1,28,9860.362554016345
35,5,1,19,22248.977633294893
35,6,1,16,14954.654032165474
35,7,1,15,15300.53434362007
35,8,1,19,22248.977633294893
35,9,1,22,15795.546130097324
35,10,1,22,15795.546130097324
35,11,1,17,14893.944130997392
35,12,1,20,19829.388450030907
35,13,1,19,22248.977633294893
35,14,1,18,21477.150602376554
35,15,1,18,21477.150602376554
35,16,1,14,13107.822171636133
35,17,1,19,22248.977633294893
35,18,1,11,15994.770685114296
35,19,1,19,22248.977633294893
35,20,1,15,15300.53434362007
35,21,1,19,22248.977633294893
35,22,1,19,22248.977633294893
35,23,1,19,22248.977633294893
35,24,1,20,19829.388450030907
35,25,1,11,15994.770685114296
35,26,1,21,19357.459389042473
35,27,1,19,22248.977633294893
35,28,1,20,19829.388450030907
35,29,2,15,652.9188964323979
36,0,1,11,15994.770685114296
36,1,1,19,22248.977633294893
36,2,1,17,14893.944130997392
36,3,1,17,14893.944130997392
36,4,1,17,14893.944130997392
36,5,1,19,22248.977633294893
36,6,1,15,15300.53434362007
36,7,1,11,15994.770685114296
36,8,1,19,22248.977633294893
36,9,1,18,21477.150602376554
36,10,1,22,15795.546130097324
36,11,1,19,22248.977633294893
36,12,1,19,22248.977633294893
36,13,1,19,22248.977633294893
36,14,1,19,22248.977633294893
36,15,1,20,19829.388450030907
36,16,1,23,13736.511423822714
36,17,1,19,22248.977633294893
36,18,1,19,22248.977633294893
36,19,1,19,22248.977633294893
36,20,1,28,9860.362554016345
36,21,1,19,22248.977633294893
36,22,1,34,11245.138991288677
36,23,1,25,13928.548558227427
36,24,1,19,22248.977633294893
36,25,1,11,15994.770685114296
36,26,1,20,19829.388450030907
36,27,1,19,22248.977633294893
36,28,1,18,21477.150602376554
36,29,1,19,22248.977633294893
37,0,1,14,13107.822171636133
37,1,1,11,15994.770685114296
37,2,1,27,11247.52956052155
37,3,1,19,22248.977633294893
37,4,1,15,15300.53434362007
37,5,1,19,22248.977633294893
37,6,1,30,12247.016599209379
37,7,1,11,15994.770685114296
37,8,1,19,22248.977633294893
37,9,1,21,19357.459389042473
37,10,1,13,12930.64164109591
37,11,1,19,22248.977633294893
37,12,1,19,22248.977633294893
37,13,1,19,22248.977633294893
37,14,1,25,13928.548558227427
37,15,1,19,22248.977633294893
37,16,1,17,14893.944130997392
37,17,1,20,19829.388450030907
37,18,1,18,21477.150602376554
37,19,1,19,22248.977633294893
37,20,1,19,22248.977633294893
37,21,1,11,15994.770685114296
37,22,1,22,15795.546130097324
37,23,1,18,21477.150602376554
37,24,1,18,21477.150602376554
37,25,1,21,19357.459389042473
37,26,1,17,14893.944130997392
37,27,1,18,21477.150602376554
37,28,1,20,19829.388450030907
37,29,1,14,13107.822171636133
38,0,1,18,21477.150602376554
38,1,1,28,9860.362554016345
38,2,1,26,12428.879451190913
38,3,1,19,22248.977633294893
38,4,1,11,15994.770685114296
38,5,1,15,15300.53434362007
38,6,1,36,11004.020587826
38,7,1,24,14370.445007576307
38,8,1,19,22248.977633294893
38,9,1,11,15994.770685114296
38,10,1,19,22248.977633294893
38,11,2,34,1678.9734267560953
38,12,1,19,22248.977633294893
38,13,1,35,11787.159545397419
38,14,1,31,11328.817474877527
38,15,1,19,22248.977633294893
38,16,1,20,19829.388450030907
38,17,1,19,22248.977633294893
38,18,1,14,13107.822171636133
38,19,1,18,21477.150602376554
38,20,1,19,22248.977633294893
38,21,1,17,14893.944130997392
38,22,1,18,21477.150602376554
38,23,1,14,13107.822171636133
38,24,1,19,22248.977633294893
38,25,1,18,21477.150602376554
38,26,1,17,14893.944130997392
38,27,1,19,22248.977633294893
38,28,1,22,15795.546130097324
38,29,1,11,15994.770685114296
39,0,1,32,9822.571918881076
39,1,1,11,15994.770685114296
39,2,1,28,9860.362554016345
39,3,1,11,15994.770685114296
39,4,1,14,13107.822171636133
39,5,1,11,15994.770685114296
39,6,1,11,15994.770685114296
39,7,1,11,15994.770685114296
39,8,1,14,13107.822171636133
39,9,1,18,21477.150602376554
39,10,1,29,9822.765273247449
39,11,3,27,709.6459606357148
39,12,1,13,12930.64164109591
39,13,1,11,15994.770685114296
39,14,1,23,13736.511423822714
39,15,1,19,22248.977633294893
39,16,1,19,22248.977633294893
39,17,1,19,22248.977633294893
39,18,1,11,15994.770685114296
39,19,1,19,22248.977633294893
39,20,1,19,22248.977633294893
39,21,2,37,1720.7864446071203
39,22,1,17,14893.944130997392
39,23,1,16,14954.654032165474
39,24,1,19,22248.977633294893
39,25,1,18,21477.150602376554
39,26,2,20,1244.4987385322336
39,27,1,19,22248.977633294893
39,28,1,14,13107.822171636133
39,29,1,19,22248.977633294893
40,0,1,31,11328.817474877527
40,1,1,27,11247.52956052155
40,2,1,17,14893.944130997392
40,3,1,11,15994.770685114296
40,4,1,18,21477.150602376554
40,5,1,14,13107.822171636133
40,6,1,18,21477.150602376554
40,7,1,11,15994.770685114296
40,8,1,12,14278.781266027903
40,9,1,17,14893.944130997392
40,10,1,17,14893.944130997392
40,11,3,18,325.5324845404456
40,12,1,17,14893.944130997392
40,13,1,19,22248.977633294893
40,14,2,36,1565.341885663849
40,15,1,19,22248.977633294893
40,16,1,19,22248.977633294893
40,17,1,33,8881.846739054889
40,18,1,36,11004.020587826
40,19,1,19,22248.977633294893
40,20,1,18,21477.150602376554
40,21,1,11,15994.770685114296
40,22,1,11,15994.770685114296
40,23,1,30,12247.016599209379
40,24,1,19,22248.977633294893
40,25,1,18,21477.150602376554
40,26,1,20,19829.388450030907
40,27,1,34,11245.138991288677
40,28,1,11,15994.770685114296
40,29,1,18,21477.150602376554
41,0,1,16,14954.654032165474
41,1,1,21,19357.459389042473
41,2,3,17,250.12730137933772
41,3,1,15,15300.53434362007
41,4,1,21,19357.459389042473
41,5,1,14,13107.822171636133
41,6,1,19,22248.977633294893
41,7,1,19,22248.977633294893
41,8,1,25,13928.548558227427
41,9,1,22,15795.546130097324
41,10,1,16,14954.654032165474
41,11,1,19,22248.977633294893
41,12,1,29,9822.765273247449
41,13,1,11,15994.770685114296
41,14,2,18,1008.6084196878388
41,15,1,38,9809.393637341856
41,16,1,19,22248.977633294893
41,17,1,35,11787.159545397419
41,18,1,17,14893.944130997392
41,19,1,19,22248.977633294893
41,20,1,11,15994.770685114296
41,21,1,11,15994.770685114296
41,22,1,33,8881.846739054889
41,23,1,29,9822.765273247449
41,24,1,15,15300.53434362007
41,25,1,17,14893.944130997392
41,26,3,17,250.12730137933772
41,27,1,20,19829.388450030907
41,28,1,20,19829.388450030907
41,29,1,13,12930.64164109591
42,0,1,21,19357.459389042473
42,1,1,40,10144.926489803664
42,2,2,19,918.3562151108097
42,3,1,18,21477.150602376554
42,4,1,25,13928.548558227427
42,5,1,23,13736.511423822714
42,6,1,19,22248.977633294893
42,7,1,19,22248.977633294893
42,8,1,15,15300.53434362007
42,9,1,19,22248.977633294893
42,10,1,23,13736.511423822714
42,11,1,20,19829.388450030907
42,12,1,12,14278.781266027903
42,13,1,15,15300.53434362007
42,14,1,19,22248.977633294893
42,15,1,24,14370.445007576307
42,16,1,13,12930.64164109591
42,17,1,18,21477.150602376554
42,18,1,11,15994.770685114296
42,19,1,19,22248.977633294893
42,20,1,20,19829.388450030907
42,21,1,15,15300.53434362007
42,22,1,23,13736.511423822714
42,23,1,19,22248.977633294893
42,24,1,21,19357.459389042473
42,25,1,19,22248.977633294893
42,26,1,11,15994.770685114296
42,27,1,17,14893.944130997392
42,28,1,19,22248.977633294893
42,29,1,21,19357.459389042473
43,0,1,20,19829.388450030907
43,1,1,40,10144.926489803664
43,2,1,19,22248.977633294893
43,3,1,18,21477.150602376554
43,4,1,24,14370.445007576307
43,5,1,11,15994.770685114296
43,6,1,19,22248.977633294893
43,7,1,20,19829.388450030907
43,8,1,14,13107.822171636133
43,9,1,19,22248.977633294893
43,10,1,11,15994.770685114296
43,11,1,19,22248.977633294893
43,12,1,22,15795.546130097324
43,13,1,21,19357.459389042473
43,14,1,19,22248.977633294893
43,15,1,19,22248.977633294893
43,16,1,11,15994.770685114296
43,17,1,18,21477.150602376554
43,18,1,19,22248.977633294893
43,19,1,15,15300.53434362007
43,20,1,13,12930.64164109591
43,21,1,17,14893.944130997392
43,22,1,15,15300.53434362007
43,23,1,19,22248.977633294893
43,24,1,20,19829.388450030907
43,25,1,19,22248.977633294893
43,26,1,17,14893.944130997392
43,27,1,17,14893.944130997392
43,28,1,22,15795.546130097324
43,29,1,21,19357.459389042473
44,0,1,17,14893.944130997392
44,1,1,21,19357.459389042473
44,2,1,19,22248.977633294893
44,3,1,18,21477.150602376554
44,4,1,23,13736.511423822714
44,5,1,15,15300.53434362007
44,6,1,19,22248.977633294893
44,7,1,18,21477.150602376554
44,8,1,19,22248.977633294893
44,9,1,19,22248.977633294893
44,10,1,22,15795.546130097324
44,11,1,16,14954.654032165474
44,12,1,17,14893.944130997392
44,13,1,19,22248.977633294893
44,14,1,11,15994.770685114296
44,15,1,28,9860.362554016345
44,16,1,19,22248.977633294893
44,17,1,18,21477.150602376554
44,18,1,11,15994.770685114296
44,19,1,20,19829.388450030907
44,20,1,11,15994.770685114296
44,21,1,19,22248.977633294893
44,22,1,11,15994.770685114296
44,23,1,19,22248.977633294893
44,24,1,11,15994.770685114296
44,25,1,19,22248.977633294893
44,26,1,19,22248.977633294893
44,27,1,17,14893.944130997392
44,28,1,25,13928.548558227427
44,29,1,11,15994.770685114296
45,0,1,17,14893.944130997392
45,1,1,16,14954.654032165474
45,2,1,19,22248.977633294893
45,3,1,17,14893.944130997392
45,4,1,19,22248.977633294893
45,5,1,14,13107.822171636133
45,6,1,19,22248.977633294893
45,7,1,18,21477.150602376554
45,8,1,11,15994.770685114296
45,9,1,19,22248.977633294893
45,10,1,23,13736.511423822714
45,11,1,18,21477.150602376554
45,12,1,31,11328.817474877527
45,13,1,27,11247.52956052155
45,14,1,39,9031.802153997565
45,15,1,20,19829.388450030907
45,16,1,19,22248.977633294893
45,17,1,27,11247.52956052155
45,18,1,26,12428.879451190913
45,19,1,11,15994.770685114296
45,20,1,21,19357.459389042473
45,21,1,19,22248.977633294893
45,22,1,17,14893.944130997392
45,23,1,11,15994.770685114296
45,24,1,11,15994.770685114296
45,25,1,19,22248.977633294893
45,26,1,17,14893.944130997392
45,27,1,23,13736.511423822714
45,28,1,18,21477.150602376554
45,29,1,11,15994.770685114296
46,0,1,16,14954.654032165474
46,1,1,18,21477.150602376554
46,2,1,17,14893.944130997392
46,3,1,18,21477.150602376554
46,4,1,16,14954.654032165474
46,5,1,12,14278.781266027903
46,6,1,17,14893.944130997392
46,7,1,25,13928.548558227427
46,8,1,17,14893.944130997392
46,9,1,19,22248.977633294893
46,10,1,19,22248.977633294893
46,11,1,13,12930.64164109591
46,12,1,21,19357.459389042473
46,13,1,19,22248.977633294893
46,14,1,22,15795.546130097324
46,15,1,11,15994.770685114296
46,16,1,11,15994.770685114296
46,17,1,28,9860.362554016345
46,18,1,18,21477.150602376554
46,19,1,14,13107.822171636133
46,20,1,24,14370.445007576307
46,21,1,19,22248.977633294893
46,22,1,23,13736.511423822714
46,23,1,37,9928.819932334172
46,24,1,14,13107.822171636133
46,25,1,18,21477.150602376554
46,26,1,17,14893.944130997392
46,27,1,17,14893.944130997392
46,28,1,18,21477.150602376554
46,29,1,25,13928.548558227427
47,0,1,14,13107.822171636133
47,1,1,15,15300.53434362007
47,2,1,11,15994.770685114296
47,3,1,21,19357.459389042473
47,4,1,21,19357.459389042473
47,5,1,11,15994.770685114296
47,6,1,11,15994.770685114296
47,7,1,11,15994.770685114296
47,8,1,15,15300.53434362007
47,9,1,19,22248.977633294893
47,10,1,19,22248.977633294893
47,11,1,12,14278.781266027903
47,12,1,19,22248.977633294893
47,13,1,29,9822.765273247449
47,14,1,17,14893.944130997392
47,15,1,11,15994.770685114296
47,16,1,20,19829.388450030907
47,17,1,27,11247.52956052155
47,18,1,18,21477.150602376554
47,19,1,12,14278.781266027903
47,20,1,19,22248.977633294893
47,21,1,19,22248.977633294893
47,22,1,26,12428.879451190913
47,23,1,11,15994.770685114296
47,24,1,19,22248.977633294893
47,25,1,31,11328.817474877527
47,26,1,16,14954.654032165474
47,27,1,21,19357.459389042473
47,28,1,11,15994.770685114296
47,29,1,18,21477.150602376554
48,0,1,18,21477.150602376554
48,1,1,20,19829.388450030907
48,2,1,24,14370.445007576307
48,3,1,20,19829.388450030907
48,4,1,11,15994.770685114296
48,5,1,26,12428.879451190913
48,6,1,11,15994.770685114296
48,7,1,11,15994.770685114296
48,8,1,23,13736.511423822714
48,9,1,19,22248.977633294893
48,10,1,33,8881.846739054889
48,11,1,23,13736.511423822714
48,12,1,19,22248.977633294893
48,13,1,11,15994.770685114296
48,14,1,23,13736.511423822714
48,15,1,17,14893.944130997392
48,16,1,23,13736.511423822714
48,17,1,15,15300.53434362007
48,18,1,28,9860.362554016345
48,19,1,11,15994.770685114296
48,20,1,19,22248.977633294893
48,21,1,36,11004.020587826
48,22,1,15,15300.53434362007
48,23,1,26,12428.879451190913
48,24,1,19,22248.977633294893
48,25,1,28,9860.362554016345
48,26,1,17,14893.944130997392
48,27,1,18,21477.150602376554
48,28,1,19,22248.977633294893
48,29,1,22,15795.546130097324
49,0,1,11,15994.770685114296
49,1,1,19,22248.977633294893
49,2,1,23,13736.511423822714
49,3,1,22,15795.546130097324
49,4,1,26,12428.879451190913
49,5,1,26,12428.879451190913
49,6,1,15,15300.53434362007
49,7,1,16,14954.654032165474
49,8,2,17,1035.3360795701558
49,9,1,19,22248.977633294893
49,10,1,16,14954.654032165474
49,11,1,15,15300.53434362007
49,12,1,19,22248.977633294893
49,13,1,19,22248.977633294893
49,14,1,32,9822.571918881076
49,15,1,14,13107.822171636133
49,16,1,18,21477.150602376554
49,17,1,11,15994.770685114296
49,18,1,40,10144.926489803664
49,19,1,11,15994.770685114296
49,20,1,19,22248.977633294893
49,21,1,24,14370.445007576307
49,22,1,18,21477.150602376554
49,23,1,38,9809.393637341856
49,24,1,27,11247.52956052155
49,25,1,29,9822.765273247449
49,26,1,23,13736.511423822714
49,27,1,18,21477.150602376554
49,28,1,30,12247.016599209379
49,29,1,21,19357.459389042473
50,0,1,22,15795.546130097324
50,1,1,19,22248.977633294893
50,2,1,18,21477.150602376554
50,3,1,21,19357.459389042473
50,4,1,18,21477.150602376554
50,5,1,18,21477.150602376554
50,6,1,22,15795.546130097324
50,7,1,14,13107.822171636133
50,8,1,17,14893.944130997392
50,9,1,19,22248.977633294893
50,10,1,20,19829.388450030907
50,11,1,16,14954.654032165474
50,12,1,23,13736.511423822714
50,13,1,19,22248.977633294893
50,14,1,18,21477.150602376554
50,15,1,18,21477.150602376554
50,16,1,19,22248.977633294893
50,17,1,11,15994.770685114296
50,18,1,15,15300.53434362007
50,19,1,13,12930.64164109591
50,20,1,15,15300.53434362007
50,21,1,16,14954.654032165474
50,22,1,27,11247.52956052155
50,23,1,26,12428.879451190913
50,24,1,12,14278.781266027903
50,25,1,16,14954.654032165474
50,26,1,11,15994.770685114296
50,27,1,20,19829.388450030907
50,28,1,14,13107.822171636133
50,29,1,21,19357.459389042473
51,0,1,11,15994.770685114296
51,1,1,19,22248.977633294893
51,2,1,15,15300.53434362007
51,3,1,19,22248.977633294893
51,4,1,18,21477.150602376554
51,5,1,11,15994.770685114296
51,6,1,18,21477.150602376554
51,7,1,18,21477.150602376554
51,8,1,17,14893.944130997392
51,9,1,19,22248.977633294893
51,10,1,18,21477.150602376554
51,11,1,11,15994.770685114296
51,12,1,12,14278.781266027903
51,13,1,19,22248.977633294893
51,14,1,22,15795.546130097324
51,15,1,26,12428.879451190913
51,16,1,11,15994.770685114296
51,17,1,14,13107.822171636133
51,18,1,18,21477.150602376554
51,19,1,22,15795.546130097324
51,20,1,25,13928.548558227427
51,21,1,13,12930.64164109591
51,22,1,16,14954.654032165474
51,23,1,20,19829.388450030907
51,24,1,20,19829.388450030907
51,25,1,20,19829.388450030907
51,26,1,19,22248.977633294893
51,27,1,19,22248.977633294893
51,28,1,23,13736.511423822714
51,29,1,26,12428.879451190913
52,0,1,13,12930.64164109591
52,1,1,33,8881.846739054889
52,2,1,23,13736.511423822714
52,3,1,18,21477.150602376554
52,4,1,19,22248.977633294893
52,5,1,17,14893.944130997392
52,6,1,19,22248.977633294893
52,7,1,18,21477.150602376554
52,8,1,19,22248.977633294893
52,9,1,19,22248.977633294893
52,10,1,18,21477.150602376554
52,11,1,14,13107.822171636133
52,12,1,15,15300.53434362007
52,13,1,19,22248.977633294893
52,14,1,34,11245.138991288677
52,15,1,21,19357.459389042473
52,16,1,26,12428.879451190913
52,17,1,16,14954.654032165474
52,18,1,18,21477.150602376554
52,19,1,19,22248.977633294893
52,20,1,24,14370.445007576307
52,21,1,17,14893.944130997392
52,22,1,26,12428.879451190913
52,23,1,19,22248.977633294893
52,24,1,19,22248.977633294893
52,25,1,34,11245.138991288677
52,26,1,19,22248.977633294893
52,27,1,14,13107.822171636133
52,28,1,24,14370.445007576307
52,29,1,18,21477.150602376554
53,0,1,19,22248.977633294893
53,1,1,16,14954.654032165474
53,2,1,16,14954.654032165474
53,3,1,20,19829.388450030907
53,4,1,19,22248.977633294893
53,5,1,11,15994.770685114296
53,6,1,25,13928.548558227427
53,7,1,19,22248.977633294893
53,8,1,19,22248.977633294893
53,9,1,28,9860.362554016345
53,10,1,12,14278.781266027903
53,11,1,24,14370.445007576307
53,12,1,14,13107.822171636133
53,13,1,19,22248.977633294893
53,14,1,21,19357.459389042473
53,15,1,26,12428.879451190913
53,16,1,29,9822.765273247449
53,17,1,20,19829.388450030907
53,18,1,23,13736.511423822714
53,19,1,19,22248.977633294893
53,20,1,17,14893.944130997392
53,21,1,18,21477.150602376554
53,22,1,21,19357.459389042473
53,23,1,19,22248.977633294893
53,24,1,19,22248.977633294893
53,25,1,13,12930.64164109591
53,26,1,32,9822.571918881076
53,27,1,19,22248.977633294893
53,28,1,18,21477.150602376554
53,29,1,18,21477.150602376554
54,0,1,18,21477.150602376554
54,1,1,25,13928.548558227427
54,2,1,17,14893.944130997392
54,3,1,12,14278.781266027903
54,4,1,19,22248.977633294893
54,5,1,20,19829.388450030907
54,6,1,17,14893.944130997392
54,7,1,18,21477.150602376554
54,8,1,27,11247.52956052155
54,9,1,40,10144.926489803664
54,10,1,21,19357.459389042473
54,11,1,16,14954.654032165474
54,12,1,15,15300.53434362007
54,13,1,31,11328.817474877527
54,14,1,19,22248.977633294893
54,15,1,20,19829.388450030907
54,16,1,17,14893.944130997392
54,17,1,18,21477.150602376554
54,18,1,19,22248.977633294893
54,19,1,19,22248.977633294893
54,20,1,30,12247.016599209379
54,21,1,18,21477.150602376554
54,22,1,30,12247.016599209379
54,23,1,19,22248.977633294893
54,24,1,28,9860.362554016345
54,25,1,15,15300.53434362007
54,26,1,18,21477.150602376554
54,27,1,19,22248.977633294893
54,28,1,19,22248.977633294893
54,29,1,11,15994.770685114296
55,0,1,18,21477.150602376554
55,1,1,35,11787.159545397419
55,2,1,16,14954.654032165474
55,3,1,19,22248.977633294893
55,4,1,19,22248.977633294893
55,5,1,11,15994.770685114296
55,6,1,18,21477.150602376554
55,7,1,18,21477.150602376554
55,8,1,21,19357.459389042473
55,9,1,13,12930.64164109591
55,10,1,20,19829.388450030907
55,11,1,11,15994.770685114296
55,12,1,20,19829.388450030907
55,13,1,17,14893.944130997392
55,14,1,12,14278.781266027903
55,15,1,19,22248.977633294893
55,16,1,16,14954.654032165474
55,17,1,18,21477.150602376554
55,18,1,21,19357.459389042473
55,19,1,19,22248.977633294893
55,20,1,40,10144.926489803664
55,21,1,11,15994.770685114296
55,22,1,17,14893.944130997392
55,23,1,16,14954.654032165474
55,24,1,28,9860.362554016345
55,25,1,15,15300.53434362007
55,26,1,14,13107.822171636133
55,27,1,19,22248.977633294893
55,28,1,18,21477.150602376554
55,29,1,18,21477.150602376554
56,0,1,17,14893.944130997392
56,1,1,23,13736.511423822714
56,2,1,19,22248.977633294893
56,3,1,18,21477.150602376554
56,4,1,19,22248.977633294893
56,5,1,18,21477.150602376554
56,6,1,19,22248.977633294893
56,7,1,17,14893.944130997392
56,8,1,24,14370.445007576307
56,9,1,11,15994.770685114296
56,10,1,29,9822.765273247449
56,11,1,11,15994.770685114296
56,12,1,21,19357.459389042473
56,13,1,17,14893.944130997392
56,14,1,11,15994.770685114296
56,15,1,19,22248.977633294893
56,16,1,20,19829.388450030907
56,17,1,19,22248.977633294893
56,18,1,20,19829.388450030907
56,19,1,21,19357.459389042473
56,20,1,20,19829.388450030907
56,21,1,11,15994.770685114296
56,22,1,23,13736.511423822714
56,23,1,17,14893.944130997392
56,24,1,18,21477.150602376554
56,25,1,19,22248.977633294893
56,26,1,16,14954.654032165474
56,27,1,18,21477.150602376554
56,28,1,24,14370.445007576307
56,29,1,11,15994.770685114296
57,0,1,19,22248.977633294893
57,1,1,18,21477.150602376554
57,2,1,18,21477.150602376554
57,3,1,21,19357.459389042473
57,4,1,33,8881.846739054889
57,5,1,19,22248.977633294893
57,6,1,19,22248.977633294893
57,7,1,15,15300.53434362007
57,8,1,17,14893.944130997392
57,9,1,19,22248.977633294893
57,10,1,23,13736.511423822714
57,11,1,18,21477.150602376554
57,12,1,23,13736.511423822714
57,13,1,21,19357.459389042473
57,14,1,14,13107.822171636133
57,15,1,19,22248.977633294893
57,16,1,20,19829.388450030907
57,17,1,20,19829.388450030907
57,18,1,20,19829.388450030907
57,19,1,20,19829.388450030907
57,20,1,11,15994.770685114296
57,21,1,14,13107.822171636133
57,22,1,16,14954.654032165474
57,23,1,19,22248.977633294893
57,24,1,11,15994.770685114296
57,25,1,11,15994.770685114296
57,26,1,11,15994.770685114296
57,27,1,11,15994.770685114296
57,28,1,14,13107.822171636133
57,29,1,11,15994.770685114296
58,0,1,19,22248.977633294893
58,1,1,19,22248.977633294893
58,2,1,19,22248.977633294893
58,3,1,27,11247.52956052155
58,4,1,14,13107.822171636133
58,5,1,23,13736.511423822714
58,6,1,17,14893.944130997392
58,7,1,22,15795.546130097324
58,8,1,19,22248.977633294893
58,9,1,21,19357.459389042473
58,10,1,16,14954.654032165474
58,11,1,11,15994.770685114296
58,12,1,20,19829.388450030907
58,13,1,18,21477.150602376554
58,14,1,11,15994.770685114296
58,15,1,19,22248.977633294893
58,16,1,19,22248.977633294893
58,17,1,19,22248.977633294893
58,18,1,18,21477.150602376554
58,19,1,19,22248.977633294893
58,20,1,37,9928.819932334172
58,21,1,18,21477.150602376554
58,22,1,22,15795.546130097324
58,23,1,20,19829.388450030907
58,24,1,19,22248.977633294893
58,25,1,16,14954.654032165474
58,26,1,27,11247.52956052155
58,27,1,35,11787.159545397419
58,28,1,19,22248.977633294893
58,29,1,11,15994.770685114296
59,0,1,19,22248.977633294893
59,1,1,18,21477.150602376554
59,2,1,19,22248.977633294893
59,3,1,18,21477.150602376554
59,4,1,19,22248.977633294893
59,5,1,18,21477.150602376554
59,6,1,16,14954.654032165474
59,7,1,19,22248.977633294893
59,8,1,19,22248.977633294893
59,9,1,19,22248.977633294893
59,10,1,17,14893.944130997392
59,11,1,19,22248.977633294893
59,12,1,11,15994.770685114296
59,13,1,19,22248.977633294893
59,14,1,37,9928.819932334172
59,15,1,15,15300.53434362007
59,16,1,19,22248.977633294893
59,17,1,11,15994.770685114296
59,18,1,19,22248.977633294893
59,19,1,19,22248.977633294893
59,20,1,15,15300.53434362007
59,21,1,19,22248.977633294893
59,22,1,17,14893.944130997392
59,23,1,11,15994.770685114296
59,24,1,11,15994.770685114296
59,25,1,18,21477.150602376554
59,26,1,11,15994.770685114296
59,27,1,23,13736.511423822714
59,28,1,11,15994.770685114296
59,29,1,16,14954.654032165474
60,0,1,19,22248.977633294893
60,1,1,19,22248.977633294893
60,2,1,19,22248.977633294893
60,3,1,17,14893.944130997392
60,4,1,18,21477.150602376554
60,5,1,19,22248.977633294893
60,6,1,18,21477.150602376554
60,7,1,19,22248.977633294893
60,8,1,14,13107.822171636133
60,9,1,26,12428.879451190913
60,10,1,20,19829.388450030907
60,11,1,19,22248.977633294893
60,12,1,21,19357.459389042473
60,13,1,12,14278.781266027903
60,14,1,21,19357.459389042473
60,15,1,25,13928.548558227427
60,16,1,19,22248.977633294893
60,17,1,12,14278.781266027903
60,18,1,19,22248.977633294893
60,19,1,20,19829.388450030907
60,20,1,22,15795.546130097324
60,21,1,12,14278.781266027903
60,22,1,15,15300.53434362007
60,23,1,11,15994.770685114296
60,24,1,18,21477.150602376554
60,25,1,20,19829.388450030907
60,26,1,19,22248.977633294893
60,27,1,14,13107.822171636133
60,28,1,16,14954.654032165474
60,29,1,15,15300.53434362007
61,0,1,13,12930.64164109591
61,1,1,19,22248.977633294893
61,2,1,19,22248.977633294893
61,3,1,11,15994.770685114296
61,4,1,19,22248.977633294893
61,5,1,19,22248.977633294893
61,6,1,21,19357.459389042473
61,7,1,19,22248.977633294893
61,8,1,19,22248.977633294893
61,9,1,11,15994.770685114296
61,10,1,19,22248.977633294893
61,11,1,18,21477.150602376554
61,12,1,12,14278.781266027903
61,13,1,14,13107.822171636133
61,14,1,14,13107.822171636133
61,15,1,18,21477.150602376554
61,16,1,17,14893.944130997392
61,17,1,35,11787.159545397419
61,18,1,22,15795.546130097324
61,19,1,19,22248.977633294893
61,20,1,21,19357.459389042473
61,21,1,15,15300.53434362007
61,22,1,20,19829.388450030907
61,23,1,40,10144.926489803664
61,24,1,14,13107.822171636133
61,25,1,23,13736.511423822714
61,26,1,24,14370.445007576307
61,27,1,28,9860.362554016345
61,28,1,22,15795.546130097324
61,29,1,17,14893.944130997392
62,0,1,17,14893.944130997392
62,1,1,19,22248.977633294893
62,2,1,11,15994.770685114296
62,3,1,14,13107.822171636133
62,4,1,18,21477.150602376554
62,5,1,19,22248.977633294893
62,6,1,17,14893.944130997392
62,7,1,19,22248.977633294893
62,8,1,26,12428.879451190913
62,9,1,18,21477.150602376554
62,10,1,19,22248.977633294893
62,11,1,11,15994.770685114296
62,12,1,15,15300.53434362007
62,13,1,19,22248.977633294893
62,14,1,20,19829.388450030907
62,15,1,20,19829.388450030907
62,16,1,23,13736.511423822714
62,17,1,21,19357.459389042473
62,18,1,20,19829.388450030907
62,19,1,19,22248.977633294893
62,20,1,14,13107.822171636133
62,21,1,18,21477.150602376554
62,22,1,18,21477.150602376554
62,23,1,26,12428.879451190913
62,24,1,20,19829.388450030907
62,25,1,18,21477.150602376554
62,26,1,22,15795.546130097324
62,27,1,39,9031.802153997565
62,28,1,21,19357.459389042473
62,29,1,25,13928.548558227427
63,0,1,15,15300.53434362007
63,1,1,18,21477.150602376554
63,2,1,11,15994.770685114296
63,3,1,12,14278.781266027903
63,4,1,13,12930.64164109591
63,5,1,14,13107.822171636133
63,6,1,17,14893.944130997392
63,7,1,19,22248.977633294893
63,8,1,20,19829.388450030907
63,9,1,19,22248.977633294893
63,10,1,19,22248.977633294893
63,11,1,14,13107.822171636133
63,12,1,18,21477.150602376554
63,13,1,17,14893.944130997392
63,14,1,18,21477.150602376554
63,15,1,16,14954.654032165474
63,16,1,29,9822.765273247449
63,17,1,16,14954.654032165474
63,18,1,12,14278.781266027903
63,19,1,32,9822.571918881076
63,20,1,11,15994.770685114296
63,21,1,20,19829.388450030907
63,22,1,24,14370.445007576307
63,23,1,19,22248.977633294893
63,24,1,11,15994.770685114296
63,25,1,11,15994.770685114296
63,26,1,26,12428.879451190913
63,27,1,24,14370.445007576307
63,28,1,29,9822.765273247449
63,29,1,34,11245.138991288677
64,0,1,17,14893.944130997392
64,1,1,18,21477.150602376554
64,2,1,19,22248.977633294893
64,3,1,25,13928.548558227427
64,4,1,14,13107.822171636133
64,5,1,12,14278.781266027903
64,6,1,19,22248.977633294893
64,7,1,16,14954.654032165474
64,8,1,17,14893.944130997392
64,9,1,19,22248.977633294893
64,10,1,23,13736.511423822714
64,11,1,12,14278.781266027903
64,12,1,18,21477.150602376554
64,13,1,11,15994.770685114296
64,14,1,19,22248.977633294893
64,15,1,21,19357.459389042473
64,16,1,15,15300.53434362007
64,17,1,24,14370.445007576307
64,18,1,17,14893.944130997392
64,19,1,11,15994.770685114296
64,20,1,15,15300.53434362007
64,21,1,19,22248.977633294893
64,22,1,16,14954.654032165474
64,23,1,19,22248.977633294893
64,24,1,18,21477.150602376554
64,25,1,15,15300.53434362007
64,26,1,26,12428.879451190913
64,27,1,18,21477.150602376554
64,28,1,23,13736.511423822714
64,29,1,30,12247.016599209379
65,0,1,20,19829.388450030907
65,1,1,11,15994.770685114296
65,2,1,19,22248.977633294893
65,3,1,30,12247.016599209379
65,4,1,15,15300.53434362007
65,5,1,11,15994.770685114296
65,6,1,19,22248.977633294893
65,7,1,15,15300.53434362007
65,8,1,20,19829.388450030907
65,9,1,19,22248.977633294893
65,10,1,18,21477.150602376554
65,11,1,19,22248.977633294893
65,12,1,19,22248.977633294893
65,13,1,11,15994.770685114296
65,14,1,18,21477.150602376554
65,15,1,20,19829.388450030907
65,16,1,16,14954.654032165474
65,17,1,16,14954.654032165474
65,18,1,13,12930.64164109591
65,19,1,25,13928.548558227427
65,20,1,12,14278.781266027903
65,21,1,20,19829.388450030907
65,22,1,17,14893.944130997392
65,23,1,19,22248.977633294893
65,24,1,11,15994.770685114296
65,25,1,20,19829.388450030907
65,26,1,19,22248.977633294893
65,27,1,19,22248.977633294893
65,28,1,26,12428.879451190913
65,29,1,24,14370.445007576307
66,0,1,19,22248.977633294893
66,1,1,19,22248.977633294893
66,2,1,31,11328.817474877527
66,3,1,14,13107.822171636133
66,4,1,19,22248.977633294893
66,5,1,20,19829.388450030907
66,6,1,28,9860.362554016345
66,7,1,19,22248.977633294893
66,8,1,18,21477.150602376554
66,9,1,19,22248.977633294893
66,10,1,19,22248.977633294893
66,11,1,19,22248.977633294893
66,12,1,17,14893.944130997392
66,13,1,24,14370.445007576307
66,14,1,19,22248.977633294893
66,15,1,30,12247.016599209379
66,16,1,19,22248.977633294893
66,17,1,16,14954.654032165474
66,18,1,25,13928.548558227427
66,19,1,16,14954.654032165474
66,20,1,12,14278.781266027903
66,21,1,19,22248.977633294893
66,22,1,17,14893.944130997392
66,23,1,19,22248.977633294893
66,24,1,11,15994.770685114296
66,25,1,16,14954.654032165474
66,26,1,19,22248.977633294893
66,27,1,11,15994.770685114296
66,28,1,21,19357.459389042473
66,29,1,23,13736.511423822714
67,0,1,19,22248.977633294893
67,1,1,19,22248.977633294893
67,2,1,40,10144.926489803664
67,3,1,24,14370.445007576307
67,4,1,18,21477.150602376554
67,5,1,19,22248.977633294893
67,6,1,19,22248.977633294893
67,7,1,19,22248.977633294893
67,8,1,20,19829.388450030907
67,9,1,11,15994.770685114296
67,10,1,18,21477.150602376554
67,11,1,19,22248.977633294893
67,12,1,16,14954.654032165474
67,13,1,28,9860.362554016345
67,14,1,18,21477.150602376554
67,15,1,14,13107.822171636133
67,16,1,19,22248.977633294893
67,17,1,17,14893.944130997392
67,18,1,22,15795.546130097324
67,19,1,16,14954.654032165474
67,20,1,23,13736.511423822714
67,21,1,18,21477.150602376554
67,22,1,18,21477.150602376554
67,23,1,19,22248.977633294893
67,24,1,28,9860.362554016345
67,25,1,17,14893.944130997392
67,26,1,19,22248.977633294893
67,27,1,21,19357.459389042473
67,28,1,18,21477.150602376554
67,29,1,16,14954.654032165474
68,0,1,12,14278.781266027903
68,1,1,15,15300.53434362007
68,2,1,15,15300.53434362007
68,3,1,18,21477.150602376554
68,4,1,19,22248.977633294893
68,5,1,19,22248.977633294893
68,6,1,19,22248.977633294893
68,7,1,13,12930.64164109591
68,8,1,19,22248.977633294893
68,9,1,11,15994.770685114296
68,10,1,11,15994.770685114296
68,11,1,19,22248.977633294893
68,12,1,21,19357.459389042473
68,13,1,14,13107.822171636133
68,14,1,24,14370.445007576307
68,15,1,13,12930.64164109591
68,16,1,22,15795.546130097324
68,17,1,13,12930.64164109591
68,18,1,19,22248.977633294893
68,19,1,20,19829.388450030907
68,20,1,20,19829.388450030907
68,21,1,18,21477.150602376554
68,22,1,16,14954.654032165474
68,23,1,25,13928.548558227427
68,24,1,14,13107.822171636133
68,25,1,23,13736.511423822714
68,26,1,20,19829.388450030907
68,27,1,20,19829.388450030907
68,28,1,17,14893.944130997392
68,29,1,19,22248.977633294893
69,0,1,11,15994.770685114296
69,1,1,22,15795.546130097324
69,2,1,22,15795.546130097324
69,3,1,17,14893.944130997392
69,4,1,18,21477.150602376554
69,5,1,23,13736.511423822714
69,6,1,16,14954.654032165474
69,7,1,19,22248.977633294893
69,8,1,24,14370.445007576307
69,9,1,19,22248.977633294893
69,10,1,27,11247.52956052155
69,11,1,11,15994.770685114296
69,12,1,20,19829.388450030907
69,13,1,14,13107.822171636133
69,14,1,21,19357.459389042473
69,15,1,26,12428.879451190913
69,16,1,11,15994.770685114296
69,17,1,13,12930.64164109591
69,18,1,23,13736.511423822714
69,19,1,18,21477.150602376554
69,20,1,21,19357.459389042473
69,21,1,19,22248.977633294893
69,22,1,12,14278.781266027903
69,23,1,32,9822.571918881076
69,24,1,18,21477.150602376554
69,25,1,13,12930.64164109591
69,26,1,17,14893.944130997392
69,27,1,16,14954.654032165474
69,28,1,19,22248.977633294893
69,29,1,23,13736.511423822714
70,0,1,25,13928.548558227427
70,1,1,28,9860.362554016345
70,2,1,19,22248.977633294893
70,3,1,18,21477.150602376554
70,4,1,23,13736.511423822714
70,5,1,17,14893.944130997392
70,6,1,20,19829.388450030907
70,7,1,19,22248.977633294893
70,8,1,15,15300.53434362007
70,9,1,14,13107.822171636133
70,10,1,11,15994.770685114296
70,11,1,21,19357.459389042473
70,12,1,21,19357.459389042473
70,13,1,17,14893.944130997392
70,14,1,16,14954.654032165474
70,15,1,27,11247.52956052155
70,16,1,11,15994.770685114296
70,17,1,20,19829.388450030907
70,18,1,12,14278.781266027903
70,19,1,19,22248.977633294893
70,20,1,20,19829.388450030907
70,21,1,19,22248.977633294893
70,22,1,19,22248.977633294893
70,23,1,23,13736.511423822714
70,24,1,19,22248.977633294893
70,25,1,15,15300.53434362007
70,26,1,23,13736.511423822714
70,27,1,17,14893.944130997392
70,28,1,11,15994.770685114296
70,29,1,20,19829.388450030907
71,0,1,11,15994.770685114296
71,1,1,20,19829.388450030907
71,2,1,21,19357.459389042473
71,3,1,11,15994.770685114296
71,4,1,12,14278.781266027903
71,5,1,24,14370.445007576307
71,6,1,13,12930.64164109591
71,7,1,19,22248.977633294893
71,8,1,18,21477.150602376554
71,9,1,19,22248.977633294893
71,10,1,17,14893.944130997392
71,11,1,18,21477.150602376554
71,12,1,16,14954.654032165474
71,13,1,22,15795.546130097324
71,14,1,20,19829.388450030907
71,15,1,22,15795.546130097324
71,16,1,19,22248.977633294893
71,17,1,16,14954.654032165474
71,18,1,19,22248.977633294893
71,19,1,19,22248.977633294893
71,20,1,19,22248.977633294893
71,21,1,17,14893.944130997392
71,22,1,16,14954.654032165474
71,23,1,16,14954.654032165474
71,24,1,27,11247.52956052155
71,25,1,18,21477.150602376554
71,26,1,19,22248.977633294893
71,27,1,19,22248.977633294893
71,28,1,18,21477.150602376554
71,29,1,18,21477.150602376554
72,0,1,22,15795.546130097324
72,1,1,18,21477.150602376554
72,2,1,19,22248.977633294893
72,3,1,24,14370.445007576307
72,4,1,11,15994.770685114296
72,5,1,18,21477.150602376554
72,6,1,20,19829.388450030907
72,7,1,19,22248.977633294893
72,8,1,18,21477.150602376554
72,9,1,19,22248.977633294893
72,10,1,19,22248.977633294893
72,11,1,18,21477.150602376554
72,12,1,11,15994.770685114296
72,13,1,24,14370.445007576307
72,14,1,19,22248.977633294893
72,15,1,20,19829.388450030907
72,16,1,29,9822.765273247449
72,17,1,16,14954.654032165474
72,18,1,18,21477.150602376554
72,19,1,19,22248.977633294893
72,20,1,19,22248.977633294893
72,21,1,19,22248.977633294893
72,22,1,14,13107.822171636133
72,23,1,24,14370.445007576307
72,24,1,22,15795.546130097324
72,25,1,25,13928.548558227427
72,26,1,24,14370.445007576307
72,27,1,12,14278.781266027903
72,28,1,19,22248.977633294893
72,29,1,18,21477.150602376554
73,0,1,15,15300.53434362007
73,1,1,25,13928.548558227427
73,2,1,18,21477.150602376554
73,3,1,19,22248.977633294893
73,4,1,19,22248.977633294893
73,5,1,18,21477.150602376554
73,6,1,18,21477.150602376554
73,7,1,18,21477.150602376554
73,8,1,19,22248.977633294893
73,9,1,19,22248.977633294893
73,10,1,19,22248.977633294893
73,11,1,19,22248.977633294893
73,12,1,18,21477.150602376554
73,13,1,23,13736.511423822714
73,14,1,18,21477.150602376554
73,15,1,19,22248.977633294893
73,16,1,18,21477.150602376554
73,17,1,14,13107.822171636133
73,18,1,18,21477.150602376554
73,19,1,19,22248.977633294893
73,20,1,19,22248.977633294893
73,21,1,19,22248.977633294893
73,22,1,20,19829.388450030907
73,23,1,26,12428.879451190913
73,24,1,12,14278.781266027903
73,25,1,23,13736.511423822714
73,26,1,26,12428.879451190913
73,27,1,11,15994.770685114296
73,28,1,19,22248.977633294893
73,29,1,17,14893.944130997392
74,0,1,20,19829.388450030907
74,1,1,20,19829.388450030907
74,2,1,18,21477.150602376554
74,3,1,24,14370.445007576307
74,4,1,19,22248.977633294893
74,5,1,19,22248.977633294893
74,6,1,18,21477.150602376554
74,7,1,19,22248.977633294893
74,8,1,19,22248.977633294893
74,9,1,21,19357.459389042473
74,10,1,20,19829.388450030907
74,11,1,19,22248.977633294893
74,12,1,19,22248.977633294893
74,13,1,17,14893.944130997392
74,14,1,22,15795.546130097324
74,15,1,19,22248.977633294893
74,16,1,23,13736.511423822714
74,17,1,18,21477.150602376554
74,18,1,19,22248.977633294893
74,19,1,19,22248.977633294893
74,20,1,24,14370.445007576307
74,21,1,19,22248.977633294893
74,22,1,22,15795.546130097324
74,23,1,23,13736.511423822714
74,24,1,22,15795.546130097324
74,25,1,14,13107.822171636133
74,26,1,15,15300.53434362007
74,27,1,15,15300.53434362007
74,28,1,11,15994.770685114296
74,29,1,19,22248.977633294893
75,0,1,17,14893.944130997392
75,1,1,19,22248.977633294893
75,2,1,20,19829.388450030907
75,3,1,27,11247.52956052155
75,4,1,14,13107.822171636133
75,5,1,21,19357.459389042473
75,6,1,11,15994.770685114296
75,7,1,27,11247.52956052155
75,8,1,19,22248.977633294893
75,9,1,19,22248.977633294893
75,10,1,19,22248.977633294893
75,11,1,19,22248.977633294893
75,12,1,19,22248.977633294893
75,13,1,18,21477.150602376554
75,14,1,18,21477.150602376554
75,15,1,19,22248.977633294893
75,16,1,25,13928.548558227427
75,17,1,21,19357.459389042473
75,18,1,19,22248.977633294893
75,19,1,19,22248.977633294893
75,20,1,25,13928.548558227427
75,21,1,18,21477.150602376554
75,22,1,23,13736.511423822714
75,23,1,14,13107.822171636133
75,24,1,17,14893.944130997392
75,25,1,18,21477.150602376554
75,26,1,20,19829.388450030907
75,27,1,19,22248.977633294893
75,28,1,17,14893.944130997392
75,29,1,19,22248.977633294893
76,0,1,14,13107.822171636133
76,1,1,19,22248.977633294893
76,2,1,14,13107.822171636133
76,3,1,28,9860.362554016345
76,4,1,15,15300.53434362007
76,5,1,18,21477.150602376554
76,6,1,21,19357.459389042473
76,7,1,15,15300.53434362007
76,8,1,19,22248.977633294893
76,9,1,19,22248.977633294893
76,10,1,19,22248.977633294893
76,11,1,19,22248.977633294893
76,12,1,11,15994.770685114296
76,13,1,20,19829.388450030907
76,14,1,18,21477.150602376554
76,15,1,19,22248.977633294893
76,16,1,30,12247.016599209379
76,17,1,19,22248.977633294893
76,18,1,19,22248.977633294893
76,19,1,19,22248.977633294893
76,20,1,17,14893.944130997392
76,21,1,23,13736.511423822714
76,22,1,22,15795.546130097324
76,23,1,12,14278.781266027903
76,24,1,17,14893.944130997392
76,25,1,19,22248.977633294893
76,26,1,19,22248.977633294893
76,27,1,17,14893.944130997392
76,28,1,21,19357.459389042473
76,29,1,22,15795.546130097324
77,0,1,18,21477.150602376554
77,1,1,21,19357.459389042473
77,2,1,18,21477.150602376554
77,3,1,17,14893.944130997392
77,4,1,12,14278.781266027903
77,5,1,22,15795.546130097324
77,6,1,16,14954.654032165474
77,7,1,21,19357.459389042473
77,8,1,19,22248.977633294893
77,9,1,19,22248.977633294893
77,10,1,19,22248.977633294893
77,11,1,16,14954.654032165474
77,12,1,12,14278.781266027903
77,13,1,23,13736.511423822714
77,14,1,25,13928.548558227427
77,15,1,19,22248.977633294893
77,16,1,12,14278.781266027903
77,17,1,15,15300.53434362007
77,18,1,19,22248.977633294893
77,19,1,11,15994.770685114296
77,20,1,22,15795.546130097324
77,21,1,19,22248.977633294893
77,22,1,15,15300.53434362007
77,23,1,23,13736.511423822714
77,24,1,11,15994.770685114296
77,25,1,20,19829.388450030907
77,26,1,19,22248.977633294893
77,27,1,23,13736.511423822714
77,28,1,17,14893.944130997392
77,29,1,18,21477.150602376554
78,0,1,21,19357.459389042473
78,1,1,18,21477.150602376554
78,2,1,25,13928.548558227427
78,3,1,19,22248.977633294893
78,4,1,16,14954.654032165474
78,5,1,21,19357.459389042473
78,6,1,21,19357.459389042473
78,7,1,21,19357.459389042473
78,8,1,19,22248.977633294893
78,9,1,19,22248.977633294893
78,10,1,24,14370.445007576307
78,11,1,18,21477.150602376554
78,12,1,23,13736.511423822714
78,13,1,21,19357.459389042473
78,14,1,18,21477.150602376554
78,15,1,13,12930.64164109591
78,16,1,21,19357.459389042473
78,17,1,23,13736.511423822714
78,18,1,19,22248.977633294893
78,19,1,18,21477.150602376554
78,20,1,21,19357.459389042473
78,21,1,19,22248.977633294893
78,22,1,20,19829.388450030907
78,23,1,19,22248.977633294893
78,24,1,40,10144.926489803664
78,25,1,19,22248.977633294893
78,26,1,16,14954.654032165474
78,27,1,18,21477.150602376554
78,28,1,19,22248.977633294893
78,29,1,17,14893.944130997392
79,0,1,19,22248.977633294893
79,1,1,19,22248.977633294893
79,2,1,15,15300.53434362007
79,3,1,13,12930.64164109591
79,4,1,18,21477.150602376554
79,5,1,19,22248.977633294893
79,6,1,20,19829.388450030907
79,7,1,24,14370.445007576307
79,8,1,19,22248.977633294893
79,9,1,19,22248.977633294893
79,10,1,20,19829.388450030907
79,11,1,19,22248.977633294893
79,12,1,20,19829.388450030907
79,13,1,18,21477.150602376554
79,14,1,18,21477.150602376554
79,15,1,17,14893.944130997392
79,16,1,18,21477.150602376554
79,17,1,16,14954.654032165474
79,18,1,24,14370.445007576307
79,19,1,19,22248.977633294893
79,20,1,19,22248.977633294893
79,21,1,11,15994.770685114296
79,22,1,18,21477.150602376554
79,23,1,19,22248.977633294893
79,24,1,16,14954.654032165474
79,25,1,12,14278.781266027903
79,26,1,17,14893.944130997392
79,27,1,20,19829.388450030907
79,28,1,17,14893.944130997392
79,29,1,11,15994.770685114296
80,0,1,19,22248.977633294893
80,1,1,19,22248.977633294893
80,2,1,20,19829.388450030907
80,3,1,11,15994.770685114296
80,4,1,17,14893.944130997392
80,5,1,19,22248.977633294893
80,6,1,18,21477.150602376554
80,7,1,24,14370.445007576307
80,8,1,18,21477.150602376554
80,9,1,16,14954.654032165474
80,10,1,17,14893.944130997392
80,11,1,19,22248.977633294893
80,12,1,21,19357.459389042473
80,13,1,18,21477.150602376554
80,14,1,18,21477.150602376554
80,15,1,19,22248.977633294893
80,16,1,19,22248.977633294893
80,17,1,14,13107.822171636133
80,18,1,17,14893.944130997392
80,19,1,19,22248.977633294893
80,20,1,14,13107.822171636133
80,21,1,20,19829.388450030907
80,22,1,19,22248.977633294893
80,23,1,19,22248.977633294893
80,24,1,23,13736.511423822714
80,25,1,21,19357.459389042473
80,26,1,16,14954.654032165474
80,27,1,19,22248.977633294893
80,28,1,18,21477.150602376554
80,29,1,18,21477.150602376554
81,0,1,19,22248.977633294893
81,1,1,19,22248.977633294893
81,2,1,17,14893.944130997392
81,3,1,18,21477.150602376554
81,4,1,11,15994.770685114296
81,5,1,19,22248.977633294893
81,6,1,18,21477.150602376554
81,7,1,22,15795.546130097324
81,8,1,18,21477.150602376554
81,9,1,19,22248.977633294893
81,10,1,11,15994.770685114296
81,11,1,19,22248.977633294893
81,12,1,19,22248.977633294893
81,13,1,19,22248.977633294893
81,14,1,19,22248.977633294893
81,15,1,14,13107.822171636133
81,16,1,19,22248.977633294893
81,17,1,21,19357.459389042473
81,18,1,19,22248.977633294893
81,19,1,19,22248.977633294893
81,20,1,17,14893.944130997392
81,21,1,23,13736.511423822714
81,22,1,15,15300.53434362007
81,23,1,26,12428.879451190913
81,24,1,12,14278.781266027903
81,25,1,18,21477.150602376554
81,26,1,17,14893.944130997392
81,27,1,19,22248.977633294893
81,28,1,20,19829.388450030907
81,29,1,18,21477.150602376554
82,0,1,22,15795.546130097324
82,1,1,14,13107.822171636133
82,2,1,18,21477.150602376554
82,3,1,18,21477.150602376554
82,4,1,21,19357.459389042473
82,5,1,19,22248.977633294893
82,6,1,18,21477.150602376554
82,7,1,19,22248.977633294893
82,8,1,18,21477.150602376554
82,9,1,17,14893.944130997392
82,10,1,39,9031.802153997565
82,11,1,19,22248.977633294893
82,12,1,19,22248.977633294893
82,13,1,21,19357.459389042473
82,14,1,19,22248.977633294893
82,15,1,16,14954.654032165474
82,16,1,19,22248.977633294893
82,17,1,20,19829.388450030907
82,18,1,19,22248.977633294893
82,19,1,19,22248.977633294893
82,20,1,19,22248.977633294893
82,21,1,17,14893.944130997392
82,22,1,18,21477.150602376554
82,23,1,18,21477.150602376554
82,24,1,19,22248.977633294893
82,25,1,21,19357.459389042473
82,26,1,19,22248.977633294893
82,27,1,19,22248.977633294893
82,28,1,23,13736.511423822714
82,29,1,19,22248.977633294893
83,0,1,17,14893.944130997392
83,1,1,18,21477.150602376554
83,2,1,17,14893.944130997392
83,3,1,16,14954.654032165474
83,4,1,22,15795.546130097324
83,5,1,19,22248.977633294893
83,6,1,19,22248.977633294893
83,7,1,21,19357.459389042473
83,8,1,16,14954.654032165474
83,9,1,19,22248.977633294893
83,10,1,26,12428.879451190913
83,11,1,19,22248.977633294893
83,12,1,19,22248.977633294893
83,13,1,19,22248.977633294893
83,14,1,19,22248.977633294893
83,15,1,20,19829.388450030907
83,16,1,20,19829.388450030907
83,17,1,22,15795.546130097324
83,18,1,19,22248.977633294893
83,19,1,16,14954.654032165474
83,20,1,19,22248.977633294893
83,21,1,21,19357.459389042473
83,22,1,17,14893.944130997392
83,23,1,19,22248.977633294893
83,24,1,23,13736.511423822714
83,25,1,18,21477.150602376554
83,26,1,19,22248.977633294893
83,27,1,19,22248.977633294893
83,28,1,18,21477.150602376554
83,29,1,19,22248.977633294893
84,0,1,18,21477.150602376554
84,1,1,19,22248.977633294893
84,2,1,18,21477.150602376554
84,3,1,19,22248.977633294893
84,4,1,19,22248.977633294893
84,5,1,24,14370.445007576307
84,6,1,19,22248.977633294893
84,7,1,18,21477.150602376554
84,8,1,21,19357.459389042473
84,9,1,12,14278.781266027903
84,10,1,18,21477.150602376554
84,11,1,19,22248.977633294893
84,12,1,19,22248.977633294893
84,13,1,19,22248.977633294893
84,14,1,25,13928.548558227427
84,15,1,21,19357.459389042473
84,16,1,21,19357.459389042473
84,17,1,18,21477.150602376554
84,18,1,12,14278.781266027903
84,19,1,20,19829.388450030907
84,20,1,19,22248.977633294893
84,21,1,19,22248.977633294893
84,22,1,22,15795.546130097324
84,23,1,19,22248.977633294893
84,24,1,22,15795.546130097324
84,25,1,16,14954.654032165474
84,26,1,19,22248.977633294893
84,27,1,13,12930.64164109591
84,28,1,17,14893.944130997392
84,29,1,19,22248.977633294893
85,0,1,17,14893.944130997392
85,1,1,19,22248.977633294893
85,2,1,18,21477.150602376554
85,3,1,19,22248.977633294893
85,4,1,18,21477.150602376554
85,5,1,25,13928.548558227427
85,6,1,19,22248.977633294893
85,7,1,18,21477.150602376554
85,8,1,18,21477.150602376554
85,9,1,14,13107.822171636133
85,10,1,19,22248.977633294893
85,11,1,19,22248.977633294893
85,12,1,19,22248.977633294893
85,13,1,23,13736.511423822714
85,14,1,27,11247.52956052155
85,15,1,18,21477.150602376554
85,16,1,15,15300.53434362007
85,17,1,14,13107.822171636133
85,18,1,11,15994.770685114296
85,19,1,19,22248.977633294893
85,20,1,19,22248.977633294893
85,21,1,19,22248.977633294893
85,22,1,19,22248.977633294893
85,23,1,16,14954.654032165474
85,24,1,24,14370.445007576307
85,25,1,20,19829.388450030907
85,26,1,19,22248.977633294893
85,27,1,11,15994.770685114296
85,28,1,19,22248.977633294893
85,29,1,18,21477.150602376554
86,0,1,19,22248.977633294893
86,1,1,19,22248.977633294893
86,2,1,23,13736.511423822714
86,3,1,14,13107.822171636133
86,4,1,19,22248.977633294893
86,5,1,16,14954.654032165474
86,6,1,22,15795.546130097324
86,7,1,19,22248.977633294893
86,8,1,19,22248.977633294893
86,9,1,18,21477.150602376554
86,10,1,23,13736.511423822714
86,11,1,20,19829.388450030907
86,12,1,21,19357.459389042473
86,13,1,22,15795.546130097324
86,14,1,18,21477.150602376554
86,15,1,17,14893.944130997392
86,16,1,15,15300.53434362007
86,17,1,18,21477.150602376554
86,18,1,19,22248.977633294893
86,19,1,19,22248.977633294893
86,20,1,19,22248.977633294893
86,21,1,14,13107.822171636133
86,22,1,19,22248.977633294893
86,23,1,17,14893.944130997392
86,24,1,19,22248.977633294893
86,25,1,18,21477.150602376554
86,26,1,19,22248.977633294893
86,27,1,12,14278.781266027903
86,28,1,19,22248.977633294893
86,29,1,18,21477.150602376554
87,0,1,21,19357.459389042473
87,1,1,19,22248.977633294893
87,2,1,20,19829.388450030907
87,3,1,20,19829.388450030907
87,4,1,18,21477.150602376554
87,5,1,19,22248.977633294893
87,6,1,18,21477.150602376554
87,7,1,19,22248.977633294893
87,8,1,19,22248.977633294893
87,9,1,21,19357.459389042473
87,10,1,23,13736.511423822714
87,11,1,14,13107.822171636133
87,12,1,19,22248.977633294893
87,13,1,21,19357.459389042473
87,14,1,18,21477.150602376554
87,15,1,17,14893.944130997392
87,16,1,19,22248.977633294893
87,17,1,23,13736.511423822714
87,18,1,23,13736.511423822714
87,19,1,19,22248.977633294893
87,20,1,19,22248.977633294893
87,21,1,23,13736.511423822714
87,22,1,23,13736.511423822714
87,23,1,19,22248.977633294893
87,24,1,19,22248.977633294893
87,25,1,18,21477.150602376554
87,26,1,19,22248.977633294893
87,27,1,11,15994.770685114296
87,28,1,19,22248.977633294893
87,29,1,19,22248.977633294893
88,0,1,19,22248.977633294893
88,1,1,21,19357.459389042473
88,2,1,20,19829.388450030907
88,3,1,18,21477.150602376554
88,4,1,19,22248.977633294893
88,5,1,19,22248.977633294893
88,6,1,18,21477.150602376554
88,7,1,19,22248.977633294893
88,8,1,19,22248.977633294893
88,9,1,17,14893.944130997392
88,10,1,16,14954.654032165474
88,11,1,11,15994.770685114296
88,12,1,21,19357.459389042473
88,13,1,18,21477.150602376554
88,14,1,19,22248.977633294893
88,15,1,18,21477.150602376554
88,16,1,18,21477.150602376554
88,17,1,16,14954.654032165474
88,18,1,23,13736.511423822714
88,19,1,18,21477.150602376554
88,20,1,19,22248.977633294893
88,21,1,19,22248.977633294893
88,22,1,18,21477.150602376554
88,23,1,19,22248.977633294893
88,24,1,19,22248.977633294893
88,25,1,19,22248.977633294893
88,26,1,19,22248.977633294893
88,27,1,21,19357.459389042473
88,28,1,19,22248.977633294893
88,29,1,18,21477.150602376554
89,0,1,15,15300.53434362007
89,1,1,23,13736.511423822714
89,2,1,18,21477.150602376554
89,3,1,18,21477.150602376554
89,4,1,18,21477.150602376554
89,5,1,20,19829.388450030907
89,6,1,19,22248.977633294893
89,7,1,19,22248.977633294893
89,8,1,19,22248.977633294893
89,9,1,18,21477.150602376554
89,10,1,17,14893.944130997392
89,11,1,20,19829.388450030907
89,12,1,18,21477.150602376554
89,13,1,17,14893.944130997392
89,14,1,21,19357.459389042473
89,15,1,18,21477.150602376554
89,16,1,18,21477.150602376554
89,17,1,20,19829.388450030907
89,18,1,20,19829.388450030907
89,19,1,19,22248.977633294893
89,20,1,19,22248.977633294893
89,21,1,18,21477.150602376554
89,22,1,18,21477.150602376554
89,23,1,19,22248.977633294893
89,24,1,19,22248.977633294893
89,25,1,19,22248.977633294893
89,26,1,16,14954.654032165474
89,27,1,23,13736.511423822714
89,28,1,18,21477.150602376554
89,29,1,18,21477.150602376554
90,0,1,14,13107.822171636133
90,1,1,16,14954.654032165474
90,2,1,18,21477.150602376554
90,3,1,19,22248.977633294893
90,4,1,19,22248.977633294893
90,5,1,19,22248.977633294893
90,6,1,18,21477.150602376554
90,7,1,19,22248.977633294893
90,8,1,19,22248.977633294893
90,9,1,21,19357.459389042473
90,10,1,19,22248.977633294893
90,11,1,18,21477.150602376554
90,12,1,17,14893.944130997392
90,13,1,18,21477.150602376554
90,14,1,21,19357.459389042473
90,15,1,17,14893.944130997392
90,16,1,22,15795.546130097324
90,17,1,17,14893.944130997392
90,18,1,18,21477.150602376554
90,19,1,20,19829.388450030907
90,20,1,19,22248.977633294893
90,21,1,20,19829.388450030907
90,22,1,16,14954.654032165474
90,23,1,19,22248.977633294893
90,24,1,18,21477.150602376554
90,25,1,19,22248.977633294893
90,26,1,19,22248.977633294893
90,27,1,16,14954.654032165474
90,28,1,19,22248.977633294893
90,29,1,21,19357.459389042473
91,0,1,19,22248.977633294893
91,1,1,13,12930.64164109591
91,2,1,17,14893.944130997392
91,3,1,21,19357.459389042473
91,4,1,20,19829.388450030907
91,5,1,16,14954.654032165474
91,6,1,17,14893.944130997392
91,7,1,19,22248.977633294893
91,8,1,20,19829.388450030907
91,9,1,18,21477.150602376554
91,10,1,19,22248.977633294893
91,11,1,18,21477.150602376554
91,12,1,18,21477.150602376554
91,13,1,19,22248.977633294893
91,14,1,20,19829.388450030907
91,15,1,17,14893.944130997392
91,16,1,18,21477.150602376554
91,17,1,18,21477.150602376554
91,18,1,19,22248.977633294893
91,19,1,22,15795.546130097324
91,20,1,19,22248.977633294893
91,21,1,16,14954.654032165474
91,22,1,19,22248.977633294893
91,23,1,19,22248.977633294893
91,24,1,18,21477.150602376554
91,25,1,19,22248.977633294893
91,26,1,19,22248.977633294893
91,27,1,16,14954.654032165474
91,28,1,19,22248.977633294893
91,29,1,24,14370.445007576307
92,0,1,19,22248.977633294893
92,1,1,19,22248.977633294893
92,2,1,17,14893.944130997392
92,3,1,21,19357.459389042473
92,4,1,19,22248.977633294893
92,5,1,17,14893.944130997392
92,6,1,20,19829.388450030907
92,7,1,20,19829.388450030907
92,8,1,19,22248.977633294893
92,9,1,16,14954.654032165474
92,10,1,21,19357.459389042473
92,11,1,18,21477.150602376554
92,12,1,20,19829.388450030907
92,13,1,17,14893.944130997392
92,14,1,17,14893.944130997392
92,15,1,16,14954.654032165474
92,16,1,19,22248.977633294893
92,17,1,19,22248.977633294893
92,18,1,19,22248.977633294893
92,19,1,20,19829.388450030907
92,20,1,18,21477.150602376554
92,21,1,19,22248.977633294893
92,22,1,19,22248.977633294893
92,23,1,19,22248.977633294893
92,24,1,18,21477.150602376554
92,25,1,19,22248.977633294893
92,26,1,19,22248.977633294893
92,27,1,14,13107.822171636133
92,28,1,21,19357.459389042473
92,29,1,18,21477.150602376554
93,0,1,20,19829.388450030907
93,1,1,21,19357.459389042473
93,2,1,16,14954.654032165474
93,3,1,18,21477.150602376554
93,4,1,21,19357.459389042473
93,5,1,19,22248.977633294893
93,6,1,17,14893.944130997392
93,7,1,21,19357.459389042473
93,8,1,19,22248.977633294893
93,9,1,20,19829.388450030907
93,10,1,20,19829.388450030907
93,11,1,19,22248.977633294893
93,12,1,21,19357.459389042473
93,13,1,20,19829.388450030907
93,14,1,19,22248.977633294893
93,15,1,16,14954.654032165474
93,16,1,19,22248.977633294893
93,17,1,19,22248.977633294893
93,18,1,19,22248.977633294893
93,19,1,21,19357.459389042473
93,20,1,19,22248.977633294893
93,21,1,19,22248.977633294893
93,22,1,18,21477.150602376554
93,23,1,19,22248.977633294893
93,24,1,17,14893.944130997392
93,25,1,19,22248.977633294893
93,26,1,19,22248.977633294893
93,27,1,23,13736.511423822714
93,28,1,16,14954.654032165474
93,29,1,18,21477.150602376554
94,0,1,18,21477.150602376554
94,1,1,17,14893.944130997392
94,2,1,19,22248.977633294893
94,3,1,18,21477.150602376554
94,4,1,18,21477.150602376554
94,5,1,18,21477.150602376554
94,6,1,19,22248.977633294893
94,7,1,20,19829.388450030907
94,8,1,20,19829.388450030907
94,9,1,19,22248.977633294893
94,10,1,17,14893.944130997392
94,11,1,18,21477.150602376554
94,12,1,20,19829.388450030907
94,13,1,18,21477.150602376554
94,14,1,19,22248.977633294893
94,15,1,17,14893.944130997392
94,16,1,18,21477.150602376554
94,17,1,18,21477.150602376554
94,18,1,19,22248.977633294893
94,19,1,17,14893.944130997392
94,20,1,19,22248.977633294893
94,21,1,19,22248.977633294893
94,22,1,18,21477.150602376554
94,23,1,18,21477.150602376554
94,24,1,17,14893.944130997392
94,25,1,18,21477.150602376554
94,26,1,17,14893.944130997392
94,27,1,18,21477.150602376554
94,28,1,17,14893.944130997392
94,29,1,20,19829.388450030907
95,0,1,17,14893.944130997392
95,1,1,19,22248.977633294893
95,2,1,17,14893.944130997392
95,3,1,20,19829.388450030907
95,4,1,19,22248.977633294893
95,5,1,19,22248.977633294893
95,6,1,19,22248.977633294893
95,7,1,20,19829.388450030907
95,8,1,19,22248.977633294893
95,9,1,17,14893.944130997392
95,10,1,22,15795.546130097324
95,11,1,19,22248.977633294893
95,12,1,18,21477.150602376554
95,13,1,19,22248.977633294893
95,14,1,19,22248.977633294893
95,15,1,18,21477.150602376554
95,16,1,18,21477.150602376554
95,17,1,20,19829.388450030907
95,18,1,19,22248.977633294893
95,19,1,19,22248.977633294893
95,20,1,19,22248.977633294893
95,21,1,18,21477.150602376554
95,22,1,18,21477.150602376554
95,23,1,18,21477.150602376554
95,24,1,18,21477.150602376554
95,25,1,21,19357.459389042473
95,26,1,19,22248.977633294893
95,27,1,19,22248.977633294893
95,28,1,20,19829.388450030907
95,29,1,19,22248.977633294893
96,0,1,19,22248.977633294893
96,1,1,19,22248.977633294893
96,2,1,20,19829.388450030907
96,3,1,18,21477.150602376554
96,4,1,19,22248.977633294893
96,5,1,19,22248.977633294893
96,6,1,19,22248.977633294893
96,7,1,18,21477.150602376554
96,8,1,19,22248.977633294893
96,9,1,19,22248.977633294893
96,10,1,19,22248.977633294893
96,11,1,19,22248.977633294893
96,12,1,18,21477.150602376554
96,13,1,18,21477.150602376554
96,14,1,18,21477.150602376554
96,15,1,20,19829.388450030907
96,16,1,18,21477.150602376554
96,17,1,18,21477.150602376554
96,18,1,17,14893.944130997392
96,19,1,18,21477.150602376554
96,20,1,18,21477.150602376554
96,21,1,19,22248.977633294893
96,22,1,18,21477.150602376554
96,23,1,18,21477.150602376554
96,24,1,18,21477.150602376554
96,25,1,18,21477.150602376554
96,26,1,19,22248.977633294893
96,27,1,19,22248.977633294893
96,28,1,18,21477.150602376554
96,29,1,19,22248.977633294893
97,0,1,19,22248.977633294893
97,1,1,19,22248.977633294893
97,2,1,18,21477.150602376554
97,3,1,19,22248.977633294893
97,4,1,19,22248.977633294893
97,5,1,17,14893.944130997392
97,6,1,19,22248.977633294893
97,7,1,18,21477.150602376554
97,8,1,19,22248.977633294893
97,9,1,19,22248.977633294893
97,10,1,19,22248.977633294893
97,11,1,19,22248.977633294893
97,12,1,17,14893.944130997392
97,13,1,18,21477.150602376554
97,14,1,19,22248.977633294893
97,15,1,18,21477.150602376554
97,16,1,18,21477.150602376554
97,17,1,18,21477.150602376554
97,18,1,18,21477.150602376554
97,19,1,18,21477.150602376554
97,20,1,19,22248.977633294893
97,21,1,18,21477.150602376554
97,22,1,18,21477.150602376554
97,23,1,19,22248.977633294893
97,24,1,18,21477.150602376554
97,25,1,19,22248.977633294893
97,26,1,18,21477.150602376554
97,27,1,18,21477.150602376554
97,28,1,19,22248.977633294893
97,29,1,19,22248.977633294893
98,0,1,19,22248.977633294893
98,1,1,19,22248.977633294893
98,2,1,19,22248.977633294893
98,3,1,18,21477.150602376554
98,4,1,19,22248.977633294893
98,5,1,18,21477.150602376554
98,6,1,19,22248.977633294893
98,7,1,19,22248.977633294893
98,8,1,18,21477.150602376554
98,9,1,19,22248.977633294893
98,10,1,18,21477.150602376554
98,11,1,19,22248.977633294893
98,12,1,19,22248.977633294893
98,13,1,18,21477.150602376554
98,14,1,19,22248.977633294893
98,15,1,18,21477.150602376554
98,16,1,19,22248.977633294893
98,17,1,20,19829.388450030907
98,18,1,19,22248.977633294893
98,19,1,19,22248.977633294893
98,20,1,19,22248.977633294893
98,21,1,18,21477.150602376554
98,22,1,18,21477.150602376554
98,23,1,19,22248.977633294893
98,24,1,18,21477.150602376554
98,25,1,18,21477.150602376554
98,26,1,17,14893.944130997392
98,27,1,18,21477.150602376554
98,28,1,19,22248.977633294893
98,29,1,18,21477.150602376554
99,0,1,19,22248.977633294893
99,1,1,19,22248.977633294893
99,2,1,18,21477.150602376554
99,3,1,18,21477.150602376554
99,4,1,19,22248.977633294893
99,5,1,19,22248.977633294893
99,6,1,19,22248.977633294893
99,7,1,19,22248.977633294893
99,8,1,17,14893.944130997392
99,9,1,19,22248.977633294893
99,10,1,19,22248.977633294893
99,11,1,18,21477.150602376554
99,12,1,19,22248.977633294893
99,13,1,21,19357.459389042473
99,14,1,18,21477.150602376554
99,15,1,19,22248.977633294893
99,16,1,19,22248.977633294893
99,17,1,18,21477.150602376554
99,18,1,18,21477.150602376554
99,19,1,19,22248.977633294893
99,20,1,18,21477.150602376554
99,21,1,18,21477.150602376554
99,22,1,18,21477.150602376554
99,23,1,19,22248.977633294893
99,24,1,18,21477.150602376554
99,25,1,19,22248.977633294893
99,26,1,23,13736.511423822714
99,27,1,18,21477.150602376554
99,28,1,19,22248.977633294893
99,29,1,19,22248.977633294893
