Iteration,Particle_ID,Dim_0,Dim_1,Fitness,Best_So_far
0,0,2.0,37.0,1880.9581145008358,1880.9581145008358
0,1,3.0,40.0,2606.304473391353,2606.304473391353
0,2,8.0,23.0,4041.645607152985,4041.645607152985
0,3,8.0,31.0,3645.027330797628,4041.645607152985
0,4,6.0,33.0,2129.77218405357,4041.645607152985
0,5,6.0,38.0,4266.343135216165,4266.343135216165
0,6,7.0,36.0,3104.5573174465867,4266.343135216165
0,7,10.0,14.0,111.33781119670736,4266.343135216165
0,8,2.0,22.0,1014.0428245024208,4266.343135216165
0,9,9.0,17.0,464.0158368894725,4266.343135216165
1,0,2.0,37.0,1880.9581145008358,4266.343135216165
1,1,3.0,40.0,2606.304473391353,4266.343135216165
1,2,8.0,23.0,4041.645607152985,4266.343135216165
1,3,8.0,31.0,3645.027330797628,4266.343135216165
1,4,6.0,33.0,2129.77218405357,4266.343135216165
1,5,6.0,38.0,4266.343135216165,4266.343135216165
1,6,7.0,36.0,3104.5573174465867,4266.343135216165
1,7,10.0,14.0,111.33781119670736,4266.343135216165
1,8,2.0,22.0,1014.0428245024208,4266.343135216165
1,9,9.0,17.0,464.0158368894725,4266.343135216165
2,0,6.0,38.0,4266.343135216165,4266.343135216165
2,1,8.0,37.0,3912.025390842543,4266.343135216165
2,2,5.0,40.0,2957.5126331566084,4266.343135216165
2,3,7.0,37.0,3562.002445744202,4266.343135216165
2,4,6.0,37.0,3577.387950099916,4266.343135216165
2,5,6.0,38.0,4266.343135216165,4266.343135216165
2,6,6.0,38.0,4266.343135216165,4266.343135216165
2,7,7.0,29.0,2985.2663934936136,4266.343135216165
2,8,7.0,40.0,4341.41470204023,4341.41470204023
2,9,6.0,39.0,3948.738503872098,4341.41470204023
3,0,8.0,39.0,3860.1899758135996,4341.41470204023
3,1,10.0,36.0,3821.899899773792,4341.41470204023
3,2,8.0,39.0,3860.1899758135996,4341.41470204023
3,3,7.0,37.0,3562.002445744202,4341.41470204023
3,4,7.0,40.0,4341.41470204023,4341.41470204023
3,5,7.0,40.0,4341.41470204023,4341.41470204023
3,6,7.0,40.0,4341.41470204023,4341.41470204023
3,7,6.0,40.0,4177.6726719037915,4341.41470204023
3,8,10.0,40.0,11240.429591303922,11240.429591303922
3,9,5.0,40.0,2957.5126331566084,11240.429591303922
4,0,7.0,39.0,3614.98058374451,11240.429591303922
4,1,9.0,37.0,3817.618548579945,11240.429591303922
4,2,10.0,21.0,3717.7071061598235,11240.429591303922
4,3,10.0,39.0,12126.475327188895,12126.475327188895
4,4,9.0,40.0,7707.868207043693,12126.475327188895
4,5,10.0,40.0,11240.429591303922,12126.475327188895
4,6,10.0,40.0,11240.429591303922,12126.475327188895
4,7,10.0,40.0,11240.429591303922,12126.475327188895
4,8,10.0,40.0,11240.429591303922,12126.475327188895
4,9,7.0,40.0,4341.41470204023,12126.475327188895
5,0,9.0,38.0,3590.173483398007,12126.475327188895
5,1,9.0,39.0,3976.4602349233664,12126.475327188895
5,2,10.0,29.0,3596.422570535327,12126.475327188895
5,3,10.0,40.0,11240.429591303922,12126.475327188895
5,4,10.0,40.0,11240.429591303922,12126.475327188895
5,5,10.0,40.0,11240.429591303922,12126.475327188895
5,6,10.0,40.0,11240.429591303922,12126.475327188895
5,7,10.0,40.0,11240.429591303922,12126.475327188895
5,8,10.0,40.0,11240.429591303922,12126.475327188895
5,9,8.0,40.0,4710.526872053284,12126.475327188895
6,0,7.0,37.0,3562.002445744202,12126.475327188895
6,1,10.0,40.0,11240.429591303922,12126.475327188895
6,2,8.0,28.0,2536.872889607218,12126.475327188895
6,3,10.0,38.0,9213.222420669079,12126.475327188895
6,4,10.0,40.0,11240.429591303922,12126.475327188895
6,5,10.0,38.0,9213.222420669079,12126.475327188895
6,6,10.0,39.0,12126.475327188895,12126.475327188895
6,7,10.0,40.0,11240.429591303922,12126.475327188895
6,8,10.0,40.0,11240.429591303922,12126.475327188895
6,9,10.0,40.0,11240.429591303922,12126.475327188895
7,0,8.0,39.0,3860.1899758135996,12126.475327188895
7,1,10.0,40.0,11240.429591303922,12126.475327188895
7,2,7.0,27.0,2402.2764320993597,12126.475327188895
7,3,10.0,39.0,12126.475327188895,12126.475327188895
7,4,10.0,39.0,12126.475327188895,12126.475327188895
7,5,10.0,39.0,12126.475327188895,12126.475327188895
7,6,10.0,39.0,12126.475327188895,12126.475327188895
7,7,10.0,40.0,11240.429591303922,12126.475327188895
7,8,10.0,39.0,12126.475327188895,12126.475327188895
7,9,10.0,39.0,12126.475327188895,12126.475327188895
8,0,8.0,39.0,3860.1899758135996,12126.475327188895
8,1,10.0,40.0,11240.429591303922,12126.475327188895
8,2,8.0,24.0,5092.9587166359215,12126.475327188895
8,3,10.0,39.0,12126.475327188895,12126.475327188895
8,4,10.0,38.0,9213.222420669079,12126.475327188895
8,5,10.0,39.0,12126.475327188895,12126.475327188895
8,6,10.0,39.0,12126.475327188895,12126.475327188895
8,7,10.0,38.0,9213.222420669079,12126.475327188895
8,8,10.0,39.0,12126.475327188895,12126.475327188895
8,9,10.0,39.0,12126.475327188895,12126.475327188895
9,0,8.0,38.0,3663.8171590972893,12126.475327188895
9,1,10.0,39.0,12126.475327188895,12126.475327188895
9,2,9.0,24.0,5405.7733583778545,12126.475327188895
9,3,10.0,39.0,12126.475327188895,12126.475327188895
9,4,10.0,39.0,12126.475327188895,12126.475327188895
9,5,10.0,39.0,12126.475327188895,12126.475327188895
9,6,10.0,39.0,12126.475327188895,12126.475327188895
9,7,10.0,40.0,11240.429591303922,12126.475327188895
9,8,10.0,39.0,12126.475327188895,12126.475327188895
9,9,10.0,39.0,12126.475327188895,12126.475327188895
10,0,8.0,38.0,3663.8171590972893,12126.475327188895
10,1,10.0,39.0,12126.475327188895,12126.475327188895
10,2,10.0,36.0,3821.899899773792,12126.475327188895
10,3,10.0,39.0,12126.475327188895,12126.475327188895
10,4,10.0,39.0,12126.475327188895,12126.475327188895
10,5,10.0,39.0,12126.475327188895,12126.475327188895
10,6,10.0,39.0,12126.475327188895,12126.475327188895
10,7,10.0,40.0,11240.429591303922,12126.475327188895
10,8,10.0,39.0,12126.475327188895,12126.475327188895
10,9,10.0,39.0,12126.475327188895,12126.475327188895
11,0,6.0,38.0,4266.343135216165,12126.475327188895
11,1,10.0,39.0,12126.475327188895,12126.475327188895
11,2,10.0,38.0,9213.222420669079,12126.475327188895
11,3,10.0,39.0,12126.475327188895,12126.475327188895
11,4,10.0,39.0,12126.475327188895,12126.475327188895
11,5,10.0,39.0,12126.475327188895,12126.475327188895
11,6,10.0,39.0,12126.475327188895,12126.475327188895
11,7,10.0,40.0,11240.429591303922,12126.475327188895
11,8,10.0,39.0,12126.475327188895,12126.475327188895
11,9,10.0,39.0,12126.475327188895,12126.475327188895
12,0,6.0,38.0,4266.343135216165,12126.475327188895
12,1,10.0,39.0,12126.475327188895,12126.475327188895
12,2,10.0,40.0,11240.429591303922,12126.475327188895
12,3,10.0,39.0,12126.475327188895,12126.475327188895
12,4,10.0,39.0,12126.475327188895,12126.475327188895
12,5,10.0,39.0,12126.475327188895,12126.475327188895
12,6,10.0,39.0,12126.475327188895,12126.475327188895
12,7,10.0,39.0,12126.475327188895,12126.475327188895
12,8,10.0,39.0,12126.475327188895,12126.475327188895
12,9,10.0,39.0,12126.475327188895,12126.475327188895
13,0,9.0,39.0,3976.4602349233664,12126.475327188895
13,1,10.0,39.0,12126.475327188895,12126.475327188895
13,2,10.0,40.0,11240.429591303922,12126.475327188895
13,3,10.0,39.0,12126.475327188895,12126.475327188895
13,4,10.0,39.0,12126.475327188895,12126.475327188895
13,5,10.0,39.0,12126.475327188895,12126.475327188895
13,6,10.0,39.0,12126.475327188895,12126.475327188895
13,7,10.0,38.0,9213.222420669079,12126.475327188895
13,8,10.0,39.0,12126.475327188895,12126.475327188895
13,9,10.0,39.0,12126.475327188895,12126.475327188895
14,0,10.0,39.0,12126.475327188895,12126.475327188895
14,1,10.0,39.0,12126.475327188895,12126.475327188895
14,2,10.0,40.0,11240.429591303922,12126.475327188895
14,3,10.0,39.0,12126.475327188895,12126.475327188895
14,4,10.0,39.0,12126.475327188895,12126.475327188895
14,5,10.0,39.0,12126.475327188895,12126.475327188895
14,6,10.0,39.0,12126.475327188895,12126.475327188895
14,7,10.0,39.0,12126.475327188895,12126.475327188895
14,8,10.0,39.0,12126.475327188895,12126.475327188895
14,9,10.0,39.0,12126.475327188895,12126.475327188895
15,0,10.0,39.0,12126.475327188895,12126.475327188895
15,1,10.0,39.0,12126.475327188895,12126.475327188895
15,2,10.0,39.0,12126.475327188895,12126.475327188895
15,3,10.0,39.0,12126.475327188895,12126.475327188895
15,4,10.0,39.0,12126.475327188895,12126.475327188895
15,5,10.0,39.0,12126.475327188895,12126.475327188895
15,6,10.0,39.0,12126.475327188895,12126.475327188895
15,7,10.0,40.0,11240.429591303922,12126.475327188895
15,8,10.0,39.0,12126.475327188895,12126.475327188895
15,9,10.0,39.0,12126.475327188895,12126.475327188895
16,0,10.0,39.0,12126.475327188895,12126.475327188895
16,1,10.0,39.0,12126.475327188895,12126.475327188895
16,2,10.0,38.0,9213.222420669079,12126.475327188895
16,3,10.0,39.0,12126.475327188895,12126.475327188895
16,4,10.0,39.0,12126.475327188895,12126.475327188895
16,5,10.0,39.0,12126.475327188895,12126.475327188895
16,6,10.0,39.0,12126.475327188895,12126.475327188895
16,7,10.0,39.0,12126.475327188895,12126.475327188895
16,8,10.0,39.0,12126.475327188895,12126.475327188895
16,9,10.0,39.0,12126.475327188895,12126.475327188895
17,0,10.0,39.0,12126.475327188895,12126.475327188895
17,1,10.0,39.0,12126.475327188895,12126.475327188895
17,2,10.0,40.0,11240.429591303922,12126.475327188895
17,3,10.0,39.0,12126.475327188895,12126.475327188895
17,4,10.0,39.0,12126.475327188895,12126.475327188895
17,5,10.0,39.0,12126.475327188895,12126.475327188895
17,6,10.0,39.0,12126.475327188895,12126.475327188895
17,7,10.0,38.0,9213.222420669079,12126.475327188895
17,8,10.0,39.0,12126.475327188895,12126.475327188895
17,9,10.0,39.0,12126.475327188895,12126.475327188895
18,0,10.0,39.0,12126.475327188895,12126.475327188895
18,1,10.0,39.0,12126.475327188895,12126.475327188895
18,2,10.0,39.0,12126.475327188895,12126.475327188895
18,3,10.0,39.0,12126.475327188895,12126.475327188895
18,4,10.0,39.0,12126.475327188895,12126.475327188895
18,5,10.0,39.0,12126.475327188895,12126.475327188895
18,6,10.0,39.0,12126.475327188895,12126.475327188895
18,7,10.0,40.0,11240.429591303922,12126.475327188895
18,8,10.0,39.0,12126.475327188895,12126.475327188895
18,9,10.0,39.0,12126.475327188895,12126.475327188895
19,0,10.0,39.0,12126.475327188895,12126.475327188895
19,1,10.0,39.0,12126.475327188895,12126.475327188895
19,2,10.0,39.0,12126.475327188895,12126.475327188895
19,3,10.0,39.0,12126.475327188895,12126.475327188895
19,4,10.0,39.0,12126.475327188895,12126.475327188895
19,5,10.0,39.0,12126.475327188895,12126.475327188895
19,6,10.0,39.0,12126.475327188895,12126.475327188895
19,7,10.0,39.0,12126.475327188895,12126.475327188895
19,8,10.0,39.0,12126.475327188895,12126.475327188895
19,9,10.0,39.0,12126.475327188895,12126.475327188895
20,0,10.0,39.0,12126.475327188895,12126.475327188895
20,1,10.0,39.0,12126.475327188895,12126.475327188895
20,2,10.0,39.0,12126.475327188895,12126.475327188895
20,3,10.0,39.0,12126.475327188895,12126.475327188895
20,4,10.0,39.0,12126.475327188895,12126.475327188895
20,5,10.0,39.0,12126.475327188895,12126.475327188895
20,6,10.0,39.0,12126.475327188895,12126.475327188895
20,7,10.0,38.0,9213.222420669079,12126.475327188895
20,8,10.0,39.0,12126.475327188895,12126.475327188895
20,9,10.0,39.0,12126.475327188895,12126.475327188895
21,0,10.0,39.0,12126.475327188895,12126.475327188895
21,1,10.0,39.0,12126.475327188895,12126.475327188895
21,2,10.0,39.0,12126.475327188895,12126.475327188895
21,3,10.0,39.0,12126.475327188895,12126.475327188895
21,4,10.0,39.0,12126.475327188895,12126.475327188895
21,5,10.0,39.0,12126.475327188895,12126.475327188895
21,6,10.0,39.0,12126.475327188895,12126.475327188895
21,7,10.0,39.0,12126.475327188895,12126.475327188895
21,8,10.0,39.0,12126.475327188895,12126.475327188895
21,9,10.0,39.0,12126.475327188895,12126.475327188895
22,0,10.0,39.0,12126.475327188895,12126.475327188895
22,1,10.0,39.0,12126.475327188895,12126.475327188895
22,2,10.0,39.0,12126.475327188895,12126.475327188895
22,3,10.0,39.0,12126.475327188895,12126.475327188895
22,4,10.0,39.0,12126.475327188895,12126.475327188895
22,5,10.0,39.0,12126.475327188895,12126.475327188895
22,6,10.0,39.0,12126.475327188895,12126.475327188895
22,7,10.0,40.0,11240.429591303922,12126.475327188895
22,8,10.0,39.0,12126.475327188895,12126.475327188895
22,9,10.0,39.0,12126.475327188895,12126.475327188895
23,0,10.0,39.0,12126.475327188895,12126.475327188895
23,1,10.0,39.0,12126.475327188895,12126.475327188895
23,2,10.0,39.0,12126.475327188895,12126.475327188895
23,3,10.0,39.0,12126.475327188895,12126.475327188895
23,4,10.0,39.0,12126.475327188895,12126.475327188895
23,5,10.0,39.0,12126.475327188895,12126.475327188895
23,6,10.0,39.0,12126.475327188895,12126.475327188895
23,7,10.0,40.0,11240.429591303922,12126.475327188895
23,8,10.0,39.0,12126.475327188895,12126.475327188895
23,9,10.0,39.0,12126.475327188895,12126.475327188895
24,0,10.0,39.0,12126.475327188895,12126.475327188895
24,1,10.0,39.0,12126.475327188895,12126.475327188895
24,2,10.0,39.0,12126.475327188895,12126.475327188895
24,3,10.0,39.0,12126.475327188895,12126.475327188895
24,4,10.0,39.0,12126.475327188895,12126.475327188895
24,5,10.0,39.0,12126.475327188895,12126.475327188895
24,6,10.0,39.0,12126.475327188895,12126.475327188895
24,7,10.0,39.0,12126.475327188895,12126.475327188895
24,8,10.0,39.0,12126.475327188895,12126.475327188895
24,9,10.0,39.0,12126.475327188895,12126.475327188895
25,0,10.0,39.0,12126.475327188895,12126.475327188895
25,1,10.0,39.0,12126.475327188895,12126.475327188895
25,2,10.0,39.0,12126.475327188895,12126.475327188895
25,3,10.0,39.0,12126.475327188895,12126.475327188895
25,4,10.0,39.0,12126.475327188895,12126.475327188895
25,5,10.0,39.0,12126.475327188895,12126.475327188895
25,6,10.0,39.0,12126.475327188895,12126.475327188895
25,7,10.0,38.0,9213.222420669079,12126.475327188895
25,8,10.0,39.0,12126.475327188895,12126.475327188895
25,9,10.0,39.0,12126.475327188895,12126.475327188895
26,0,10.0,39.0,12126.475327188895,12126.475327188895
26,1,10.0,39.0,12126.475327188895,12126.475327188895
26,2,10.0,39.0,12126.475327188895,12126.475327188895
26,3,10.0,39.0,12126.475327188895,12126.475327188895
26,4,10.0,39.0,12126.475327188895,12126.475327188895
26,5,10.0,39.0,12126.475327188895,12126.475327188895
26,6,10.0,39.0,12126.475327188895,12126.475327188895
26,7,10.0,39.0,12126.475327188895,12126.475327188895
26,8,10.0,39.0,12126.475327188895,12126.475327188895
26,9,10.0,39.0,12126.475327188895,12126.475327188895
27,0,10.0,39.0,12126.475327188895,12126.475327188895
27,1,10.0,39.0,12126.475327188895,12126.475327188895
27,2,10.0,39.0,12126.475327188895,12126.475327188895
27,3,10.0,39.0,12126.475327188895,12126.475327188895
27,4,10.0,39.0,12126.475327188895,12126.475327188895
27,5,10.0,39.0,12126.475327188895,12126.475327188895
27,6,10.0,39.0,12126.475327188895,12126.475327188895
27,7,10.0,40.0,11240.429591303922,12126.475327188895
27,8,10.0,39.0,12126.475327188895,12126.475327188895
27,9,10.0,39.0,12126.475327188895,12126.475327188895
28,0,10.0,39.0,12126.475327188895,12126.475327188895
28,1,10.0,39.0,12126.475327188895,12126.475327188895
28,2,10.0,39.0,12126.475327188895,12126.475327188895
28,3,10.0,39.0,12126.475327188895,12126.475327188895
28,4,10.0,39.0,12126.475327188895,12126.475327188895
28,5,10.0,39.0,12126.475327188895,12126.475327188895
28,6,10.0,39.0,12126.475327188895,12126.475327188895
28,7,10.0,39.0,12126.475327188895,12126.475327188895
28,8,10.0,39.0,12126.475327188895,12126.475327188895
28,9,10.0,39.0,12126.475327188895,12126.475327188895
29,0,10.0,39.0,12126.475327188895,12126.475327188895
29,1,10.0,39.0,12126.475327188895,12126.475327188895
29,2,10.0,39.0,12126.475327188895,12126.475327188895
29,3,10.0,39.0,12126.475327188895,12126.475327188895
29,4,10.0,39.0,12126.475327188895,12126.475327188895
29,5,10.0,39.0,12126.475327188895,12126.475327188895
29,6,10.0,39.0,12126.475327188895,12126.475327188895
29,7,10.0,39.0,12126.475327188895,12126.475327188895
29,8,10.0,39.0,12126.475327188895,12126.475327188895
29,9,10.0,39.0,12126.475327188895,12126.475327188895
30,0,10.0,39.0,12126.475327188895,12126.475327188895
30,1,10.0,39.0,12126.475327188895,12126.475327188895
30,2,10.0,39.0,12126.475327188895,12126.475327188895
30,3,10.0,39.0,12126.475327188895,12126.475327188895
30,4,10.0,39.0,12126.475327188895,12126.475327188895
30,5,10.0,39.0,12126.475327188895,12126.475327188895
30,6,10.0,39.0,12126.475327188895,12126.475327188895
30,7,10.0,39.0,12126.475327188895,12126.475327188895
30,8,10.0,39.0,12126.475327188895,12126.475327188895
30,9,10.0,39.0,12126.475327188895,12126.475327188895
31,0,10.0,39.0,12126.475327188895,12126.475327188895
31,1,10.0,39.0,12126.475327188895,12126.475327188895
31,2,10.0,39.0,12126.475327188895,12126.475327188895
31,3,10.0,39.0,12126.475327188895,12126.475327188895
31,4,10.0,39.0,12126.475327188895,12126.475327188895
31,5,10.0,39.0,12126.475327188895,12126.475327188895
31,6,10.0,39.0,12126.475327188895,12126.475327188895
31,7,10.0,39.0,12126.475327188895,12126.475327188895
31,8,10.0,39.0,12126.475327188895,12126.475327188895
31,9,10.0,39.0,12126.475327188895,12126.475327188895
32,0,10.0,39.0,12126.475327188895,12126.475327188895
32,1,10.0,39.0,12126.475327188895,12126.475327188895
32,2,10.0,39.0,12126.475327188895,12126.475327188895
32,3,10.0,39.0,12126.475327188895,12126.475327188895
32,4,10.0,39.0,12126.475327188895,12126.475327188895
32,5,10.0,39.0,12126.475327188895,12126.475327188895
32,6,10.0,39.0,12126.475327188895,12126.475327188895
32,7,10.0,39.0,12126.475327188895,12126.475327188895
32,8,10.0,39.0,12126.475327188895,12126.475327188895
32,9,10.0,39.0,12126.475327188895,12126.475327188895
33,0,10.0,39.0,12126.475327188895,12126.475327188895
33,1,10.0,39.0,12126.475327188895,12126.475327188895
33,2,10.0,39.0,12126.475327188895,12126.475327188895
33,3,10.0,39.0,12126.475327188895,12126.475327188895
33,4,10.0,39.0,12126.475327188895,12126.475327188895
33,5,10.0,39.0,12126.475327188895,12126.475327188895
33,6,10.0,39.0,12126.475327188895,12126.475327188895
33,7,10.0,39.0,12126.475327188895,12126.475327188895
33,8,10.0,39.0,12126.475327188895,12126.475327188895
33,9,10.0,39.0,12126.475327188895,12126.475327188895
34,0,10.0,39.0,12126.475327188895,12126.475327188895
34,1,10.0,39.0,12126.475327188895,12126.475327188895
34,2,10.0,39.0,12126.475327188895,12126.475327188895
34,3,10.0,39.0,12126.475327188895,12126.475327188895
34,4,10.0,39.0,12126.475327188895,12126.475327188895
34,5,10.0,39.0,12126.475327188895,12126.475327188895
34,6,10.0,39.0,12126.475327188895,12126.475327188895
34,7,10.0,39.0,12126.475327188895,12126.475327188895
34,8,10.0,39.0,12126.475327188895,12126.475327188895
34,9,10.0,39.0,12126.475327188895,12126.475327188895
35,0,10.0,39.0,12126.475327188895,12126.475327188895
35,1,10.0,39.0,12126.475327188895,12126.475327188895
35,2,10.0,39.0,12126.475327188895,12126.475327188895
35,3,10.0,39.0,12126.475327188895,12126.475327188895
35,4,10.0,39.0,12126.475327188895,12126.475327188895
35,5,10.0,39.0,12126.475327188895,12126.475327188895
35,6,10.0,39.0,12126.475327188895,12126.475327188895
35,7,10.0,39.0,12126.475327188895,12126.475327188895
35,8,10.0,39.0,12126.475327188895,12126.475327188895
35,9,10.0,39.0,12126.475327188895,12126.475327188895
36,0,10.0,39.0,12126.475327188895,12126.475327188895
36,1,10.0,39.0,12126.475327188895,12126.475327188895
36,2,10.0,39.0,12126.475327188895,12126.475327188895
36,3,10.0,39.0,12126.475327188895,12126.475327188895
36,4,10.0,39.0,12126.475327188895,12126.475327188895
36,5,10.0,39.0,12126.475327188895,12126.475327188895
36,6,10.0,39.0,12126.475327188895,12126.475327188895
36,7,10.0,39.0,12126.475327188895,12126.475327188895
36,8,10.0,39.0,12126.475327188895,12126.475327188895
36,9,10.0,39.0,12126.475327188895,12126.475327188895
37,0,10.0,39.0,12126.475327188895,12126.475327188895
37,1,10.0,39.0,12126.475327188895,12126.475327188895
37,2,10.0,39.0,12126.475327188895,12126.475327188895
37,3,10.0,39.0,12126.475327188895,12126.475327188895
37,4,10.0,39.0,12126.475327188895,12126.475327188895
37,5,10.0,39.0,12126.475327188895,12126.475327188895
37,6,10.0,39.0,12126.475327188895,12126.475327188895
37,7,10.0,39.0,12126.475327188895,12126.475327188895
37,8,10.0,39.0,12126.475327188895,12126.475327188895
37,9,10.0,39.0,12126.475327188895,12126.475327188895
38,0,10.0,39.0,12126.475327188895,12126.475327188895
38,1,10.0,39.0,12126.475327188895,12126.475327188895
38,2,10.0,39.0,12126.475327188895,12126.475327188895
38,3,10.0,39.0,12126.475327188895,12126.475327188895
38,4,10.0,39.0,12126.475327188895,12126.475327188895
38,5,10.0,39.0,12126.475327188895,12126.475327188895
38,6,10.0,39.0,12126.475327188895,12126.475327188895
38,7,10.0,39.0,12126.475327188895,12126.475327188895
38,8,10.0,39.0,12126.475327188895,12126.475327188895
38,9,10.0,39.0,12126.475327188895,12126.475327188895
39,0,10.0,39.0,12126.475327188895,12126.475327188895
39,1,10.0,39.0,12126.475327188895,12126.475327188895
39,2,10.0,39.0,12126.475327188895,12126.475327188895
39,3,10.0,39.0,12126.475327188895,12126.475327188895
39,4,10.0,39.0,12126.475327188895,12126.475327188895
39,5,10.0,39.0,12126.475327188895,12126.475327188895
39,6,10.0,39.0,12126.475327188895,12126.475327188895
39,7,10.0,39.0,12126.475327188895,12126.475327188895
39,8,10.0,39.0,12126.475327188895,12126.475327188895
39,9,10.0,39.0,12126.475327188895,12126.475327188895
40,0,10.0,39.0,12126.475327188895,12126.475327188895
40,1,10.0,39.0,12126.475327188895,12126.475327188895
40,2,10.0,39.0,12126.475327188895,12126.475327188895
40,3,10.0,39.0,12126.475327188895,12126.475327188895
40,4,10.0,39.0,12126.475327188895,12126.475327188895
40,5,10.0,39.0,12126.475327188895,12126.475327188895
40,6,10.0,39.0,12126.475327188895,12126.475327188895
40,7,10.0,39.0,12126.475327188895,12126.475327188895
40,8,10.0,39.0,12126.475327188895,12126.475327188895
40,9,10.0,39.0,12126.475327188895,12126.475327188895
41,0,10.0,39.0,12126.475327188895,12126.475327188895
41,1,10.0,39.0,12126.475327188895,12126.475327188895
41,2,10.0,39.0,12126.475327188895,12126.475327188895
41,3,10.0,39.0,12126.475327188895,12126.475327188895
41,4,10.0,39.0,12126.475327188895,12126.475327188895
41,5,10.0,39.0,12126.475327188895,12126.475327188895
41,6,10.0,39.0,12126.475327188895,12126.475327188895
41,7,10.0,39.0,12126.475327188895,12126.475327188895
41,8,10.0,39.0,12126.475327188895,12126.475327188895
41,9,10.0,39.0,12126.475327188895,12126.475327188895
42,0,10.0,39.0,12126.475327188895,12126.475327188895
42,1,10.0,39.0,12126.475327188895,12126.475327188895
42,2,10.0,39.0,12126.475327188895,12126.475327188895
42,3,10.0,39.0,12126.475327188895,12126.475327188895
42,4,10.0,39.0,12126.475327188895,12126.475327188895
42,5,10.0,39.0,12126.475327188895,12126.475327188895
42,6,10.0,39.0,12126.475327188895,12126.475327188895
42,7,10.0,39.0,12126.475327188895,12126.475327188895
42,8,10.0,39.0,12126.475327188895,12126.475327188895
42,9,10.0,39.0,12126.475327188895,12126.475327188895
43,0,10.0,39.0,12126.475327188895,12126.475327188895
43,1,10.0,39.0,12126.475327188895,12126.475327188895
43,2,10.0,39.0,12126.475327188895,12126.475327188895
43,3,10.0,39.0,12126.475327188895,12126.475327188895
43,4,10.0,39.0,12126.475327188895,12126.475327188895
43,5,10.0,39.0,12126.475327188895,12126.475327188895
43,6,10.0,39.0,12126.475327188895,12126.475327188895
43,7,10.0,39.0,12126.475327188895,12126.475327188895
43,8,10.0,39.0,12126.475327188895,12126.475327188895
43,9,10.0,39.0,12126.475327188895,12126.475327188895
44,0,10.0,39.0,12126.475327188895,12126.475327188895
44,1,10.0,39.0,12126.475327188895,12126.475327188895
44,2,10.0,39.0,12126.475327188895,12126.475327188895
44,3,10.0,39.0,12126.475327188895,12126.475327188895
44,4,10.0,39.0,12126.475327188895,12126.475327188895
44,5,10.0,39.0,12126.475327188895,12126.475327188895
44,6,10.0,39.0,12126.475327188895,12126.475327188895
44,7,10.0,39.0,12126.475327188895,12126.475327188895
44,8,10.0,39.0,12126.475327188895,12126.475327188895
44,9,10.0,39.0,12126.475327188895,12126.475327188895
45,0,10.0,39.0,12126.475327188895,12126.475327188895
45,1,10.0,39.0,12126.475327188895,12126.475327188895
45,2,10.0,39.0,12126.475327188895,12126.475327188895
45,3,10.0,39.0,12126.475327188895,12126.475327188895
45,4,10.0,39.0,12126.475327188895,12126.475327188895
45,5,10.0,39.0,12126.475327188895,12126.475327188895
45,6,10.0,39.0,12126.475327188895,12126.475327188895
45,7,10.0,39.0,12126.475327188895,12126.475327188895
45,8,10.0,39.0,12126.475327188895,12126.475327188895
45,9,10.0,39.0,12126.475327188895,12126.475327188895
46,0,10.0,39.0,12126.475327188895,12126.475327188895
46,1,10.0,39.0,12126.475327188895,12126.475327188895
46,2,10.0,39.0,12126.475327188895,12126.475327188895
46,3,10.0,39.0,12126.475327188895,12126.475327188895
46,4,10.0,39.0,12126.475327188895,12126.475327188895
46,5,10.0,39.0,12126.475327188895,12126.475327188895
46,6,10.0,39.0,12126.475327188895,12126.475327188895
46,7,10.0,39.0,12126.475327188895,12126.475327188895
46,8,10.0,39.0,12126.475327188895,12126.475327188895
46,9,10.0,39.0,12126.475327188895,12126.475327188895
47,0,10.0,39.0,12126.475327188895,12126.475327188895
47,1,10.0,39.0,12126.475327188895,12126.475327188895
47,2,10.0,39.0,12126.475327188895,12126.475327188895
47,3,10.0,39.0,12126.475327188895,12126.475327188895
47,4,10.0,39.0,12126.475327188895,12126.475327188895
47,5,10.0,39.0,12126.475327188895,12126.475327188895
47,6,10.0,39.0,12126.475327188895,12126.475327188895
47,7,10.0,39.0,12126.475327188895,12126.475327188895
47,8,10.0,39.0,12126.475327188895,12126.475327188895
47,9,10.0,39.0,12126.475327188895,12126.475327188895
48,0,10.0,39.0,12126.475327188895,12126.475327188895
48,1,10.0,39.0,12126.475327188895,12126.475327188895
48,2,10.0,39.0,12126.475327188895,12126.475327188895
48,3,10.0,39.0,12126.475327188895,12126.475327188895
48,4,10.0,39.0,12126.475327188895,12126.475327188895
48,5,10.0,39.0,12126.475327188895,12126.475327188895
48,6,10.0,39.0,12126.475327188895,12126.475327188895
48,7,10.0,39.0,12126.475327188895,12126.475327188895
48,8,10.0,39.0,12126.475327188895,12126.475327188895
48,9,10.0,39.0,12126.475327188895,12126.475327188895
49,0,10.0,39.0,12126.475327188895,12126.475327188895
49,1,10.0,39.0,12126.475327188895,12126.475327188895
49,2,10.0,39.0,12126.475327188895,12126.475327188895
49,3,10.0,39.0,12126.475327188895,12126.475327188895
49,4,10.0,39.0,12126.475327188895,12126.475327188895
49,5,10.0,39.0,12126.475327188895,12126.475327188895
49,6,10.0,39.0,12126.475327188895,12126.475327188895
49,7,10.0,39.0,12126.475327188895,12126.475327188895
49,8,10.0,39.0,12126.475327188895,12126.475327188895
49,9,10.0,39.0,12126.475327188895,12126.475327188895
50,0,10.0,39.0,12126.475327188895,12126.475327188895
50,1,10.0,39.0,12126.475327188895,12126.475327188895
50,2,10.0,39.0,12126.475327188895,12126.475327188895
50,3,10.0,39.0,12126.475327188895,12126.475327188895
50,4,10.0,39.0,12126.475327188895,12126.475327188895
50,5,10.0,39.0,12126.475327188895,12126.475327188895
50,6,10.0,39.0,12126.475327188895,12126.475327188895
50,7,10.0,39.0,12126.475327188895,12126.475327188895
50,8,10.0,39.0,12126.475327188895,12126.475327188895
50,9,10.0,39.0,12126.475327188895,12126.475327188895
51,0,10.0,39.0,12126.475327188895,12126.475327188895
51,1,10.0,39.0,12126.475327188895,12126.475327188895
51,2,10.0,39.0,12126.475327188895,12126.475327188895
51,3,10.0,39.0,12126.475327188895,12126.475327188895
51,4,10.0,39.0,12126.475327188895,12126.475327188895
51,5,10.0,39.0,12126.475327188895,12126.475327188895
51,6,10.0,39.0,12126.475327188895,12126.475327188895
51,7,10.0,39.0,12126.475327188895,12126.475327188895
51,8,10.0,39.0,12126.475327188895,12126.475327188895
51,9,10.0,39.0,12126.475327188895,12126.475327188895
52,0,10.0,39.0,12126.475327188895,12126.475327188895
52,1,10.0,39.0,12126.475327188895,12126.475327188895
52,2,10.0,39.0,12126.475327188895,12126.475327188895
52,3,10.0,39.0,12126.475327188895,12126.475327188895
52,4,10.0,39.0,12126.475327188895,12126.475327188895
52,5,10.0,39.0,12126.475327188895,12126.475327188895
52,6,10.0,39.0,12126.475327188895,12126.475327188895
52,7,10.0,39.0,12126.475327188895,12126.475327188895
52,8,10.0,39.0,12126.475327188895,12126.475327188895
52,9,10.0,39.0,12126.475327188895,12126.475327188895
53,0,10.0,39.0,12126.475327188895,12126.475327188895
53,1,10.0,39.0,12126.475327188895,12126.475327188895
53,2,10.0,39.0,12126.475327188895,12126.475327188895
53,3,10.0,39.0,12126.475327188895,12126.475327188895
53,4,10.0,39.0,12126.475327188895,12126.475327188895
53,5,10.0,39.0,12126.475327188895,12126.475327188895
53,6,10.0,39.0,12126.475327188895,12126.475327188895
53,7,10.0,39.0,12126.475327188895,12126.475327188895
53,8,10.0,39.0,12126.475327188895,12126.475327188895
53,9,10.0,39.0,12126.475327188895,12126.475327188895
54,0,10.0,39.0,12126.475327188895,12126.475327188895
54,1,10.0,39.0,12126.475327188895,12126.475327188895
54,2,10.0,39.0,12126.475327188895,12126.475327188895
54,3,10.0,39.0,12126.475327188895,12126.475327188895
54,4,10.0,39.0,12126.475327188895,12126.475327188895
54,5,10.0,39.0,12126.475327188895,12126.475327188895
54,6,10.0,39.0,12126.475327188895,12126.475327188895
54,7,10.0,39.0,12126.475327188895,12126.475327188895
54,8,10.0,39.0,12126.475327188895,12126.475327188895
54,9,10.0,39.0,12126.475327188895,12126.475327188895
55,0,10.0,39.0,12126.475327188895,12126.475327188895
55,1,10.0,39.0,12126.475327188895,12126.475327188895
55,2,10.0,39.0,12126.475327188895,12126.475327188895
55,3,10.0,39.0,12126.475327188895,12126.475327188895
55,4,10.0,39.0,12126.475327188895,12126.475327188895
55,5,10.0,39.0,12126.475327188895,12126.475327188895
55,6,10.0,39.0,12126.475327188895,12126.475327188895
55,7,10.0,39.0,12126.475327188895,12126.475327188895
55,8,10.0,39.0,12126.475327188895,12126.475327188895
55,9,10.0,39.0,12126.475327188895,12126.475327188895
56,0,10.0,39.0,12126.475327188895,12126.475327188895
56,1,10.0,39.0,12126.475327188895,12126.475327188895
56,2,10.0,39.0,12126.475327188895,12126.475327188895
56,3,10.0,39.0,12126.475327188895,12126.475327188895
56,4,10.0,39.0,12126.475327188895,12126.475327188895
56,5,10.0,39.0,12126.475327188895,12126.475327188895
56,6,10.0,39.0,12126.475327188895,12126.475327188895
56,7,10.0,39.0,12126.475327188895,12126.475327188895
56,8,10.0,39.0,12126.475327188895,12126.475327188895
56,9,10.0,39.0,12126.475327188895,12126.475327188895
57,0,10.0,39.0,12126.475327188895,12126.475327188895
57,1,10.0,39.0,12126.475327188895,12126.475327188895
57,2,10.0,39.0,12126.475327188895,12126.475327188895
57,3,10.0,39.0,12126.475327188895,12126.475327188895
57,4,10.0,39.0,12126.475327188895,12126.475327188895
57,5,10.0,39.0,12126.475327188895,12126.475327188895
57,6,10.0,39.0,12126.475327188895,12126.475327188895
57,7,10.0,39.0,12126.475327188895,12126.475327188895
57,8,10.0,39.0,12126.475327188895,12126.475327188895
57,9,10.0,39.0,12126.475327188895,12126.475327188895
58,0,10.0,39.0,12126.475327188895,12126.475327188895
58,1,10.0,39.0,12126.475327188895,12126.475327188895
58,2,10.0,39.0,12126.475327188895,12126.475327188895
58,3,10.0,39.0,12126.475327188895,12126.475327188895
58,4,10.0,39.0,12126.475327188895,12126.475327188895
58,5,10.0,39.0,12126.475327188895,12126.475327188895
58,6,10.0,39.0,12126.475327188895,12126.475327188895
58,7,10.0,39.0,12126.475327188895,12126.475327188895
58,8,10.0,39.0,12126.475327188895,12126.475327188895
58,9,10.0,39.0,12126.475327188895,12126.475327188895
59,0,10.0,39.0,12126.475327188895,12126.475327188895
59,1,10.0,39.0,12126.475327188895,12126.475327188895
59,2,10.0,39.0,12126.475327188895,12126.475327188895
59,3,10.0,39.0,12126.475327188895,12126.475327188895
59,4,10.0,39.0,12126.475327188895,12126.475327188895
59,5,10.0,39.0,12126.475327188895,12126.475327188895
59,6,10.0,39.0,12126.475327188895,12126.475327188895
59,7,10.0,39.0,12126.475327188895,12126.475327188895
59,8,10.0,39.0,12126.475327188895,12126.475327188895
59,9,10.0,39.0,12126.475327188895,12126.475327188895
60,0,10.0,39.0,12126.475327188895,12126.475327188895
60,1,10.0,39.0,12126.475327188895,12126.475327188895
60,2,10.0,39.0,12126.475327188895,12126.475327188895
60,3,10.0,39.0,12126.475327188895,12126.475327188895
60,4,10.0,39.0,12126.475327188895,12126.475327188895
60,5,10.0,39.0,12126.475327188895,12126.475327188895
60,6,10.0,39.0,12126.475327188895,12126.475327188895
60,7,10.0,39.0,12126.475327188895,12126.475327188895
60,8,10.0,39.0,12126.475327188895,12126.475327188895
60,9,10.0,39.0,12126.475327188895,12126.475327188895
61,0,10.0,39.0,12126.475327188895,12126.475327188895
61,1,10.0,39.0,12126.475327188895,12126.475327188895
61,2,10.0,39.0,12126.475327188895,12126.475327188895
61,3,10.0,39.0,12126.475327188895,12126.475327188895
61,4,10.0,39.0,12126.475327188895,12126.475327188895
61,5,10.0,39.0,12126.475327188895,12126.475327188895
61,6,10.0,39.0,12126.475327188895,12126.475327188895
61,7,10.0,39.0,12126.475327188895,12126.475327188895
61,8,10.0,39.0,12126.475327188895,12126.475327188895
61,9,10.0,39.0,12126.475327188895,12126.475327188895
62,0,10.0,39.0,12126.475327188895,12126.475327188895
62,1,10.0,39.0,12126.475327188895,12126.475327188895
62,2,10.0,39.0,12126.475327188895,12126.475327188895
62,3,10.0,39.0,12126.475327188895,12126.475327188895
62,4,10.0,39.0,12126.475327188895,12126.475327188895
62,5,10.0,39.0,12126.475327188895,12126.475327188895
62,6,10.0,39.0,12126.475327188895,12126.475327188895
62,7,10.0,39.0,12126.475327188895,12126.475327188895
62,8,10.0,39.0,12126.475327188895,12126.475327188895
62,9,10.0,39.0,12126.475327188895,12126.475327188895
63,0,10.0,39.0,12126.475327188895,12126.475327188895
63,1,10.0,39.0,12126.475327188895,12126.475327188895
63,2,10.0,39.0,12126.475327188895,12126.475327188895
63,3,10.0,39.0,12126.475327188895,12126.475327188895
63,4,10.0,39.0,12126.475327188895,12126.475327188895
63,5,10.0,39.0,12126.475327188895,12126.475327188895
63,6,10.0,39.0,12126.475327188895,12126.475327188895
63,7,10.0,39.0,12126.475327188895,12126.475327188895
63,8,10.0,39.0,12126.475327188895,12126.475327188895
63,9,10.0,39.0,12126.475327188895,12126.475327188895
64,0,10.0,39.0,12126.475327188895,12126.475327188895
64,1,10.0,39.0,12126.475327188895,12126.475327188895
64,2,10.0,39.0,12126.475327188895,12126.475327188895
64,3,10.0,39.0,12126.475327188895,12126.475327188895
64,4,10.0,39.0,12126.475327188895,12126.475327188895
64,5,10.0,39.0,12126.475327188895,12126.475327188895
64,6,10.0,39.0,12126.475327188895,12126.475327188895
64,7,10.0,39.0,12126.475327188895,12126.475327188895
64,8,10.0,39.0,12126.475327188895,12126.475327188895
64,9,10.0,39.0,12126.475327188895,12126.475327188895
65,0,10.0,39.0,12126.475327188895,12126.475327188895
65,1,10.0,39.0,12126.475327188895,12126.475327188895
65,2,10.0,39.0,12126.475327188895,12126.475327188895
65,3,10.0,39.0,12126.475327188895,12126.475327188895
65,4,10.0,39.0,12126.475327188895,12126.475327188895
65,5,10.0,39.0,12126.475327188895,12126.475327188895
65,6,10.0,39.0,12126.475327188895,12126.475327188895
65,7,10.0,39.0,12126.475327188895,12126.475327188895
65,8,10.0,39.0,12126.475327188895,12126.475327188895
65,9,10.0,39.0,12126.475327188895,12126.475327188895
66,0,10.0,39.0,12126.475327188895,12126.475327188895
66,1,10.0,39.0,12126.475327188895,12126.475327188895
66,2,10.0,39.0,12126.475327188895,12126.475327188895
66,3,10.0,39.0,12126.475327188895,12126.475327188895
66,4,10.0,39.0,12126.475327188895,12126.475327188895
66,5,10.0,39.0,12126.475327188895,12126.475327188895
66,6,10.0,39.0,12126.475327188895,12126.475327188895
66,7,10.0,39.0,12126.475327188895,12126.475327188895
66,8,10.0,39.0,12126.475327188895,12126.475327188895
66,9,10.0,39.0,12126.475327188895,12126.475327188895
67,0,10.0,39.0,12126.475327188895,12126.475327188895
67,1,10.0,39.0,12126.475327188895,12126.475327188895
67,2,10.0,39.0,12126.475327188895,12126.475327188895
67,3,10.0,39.0,12126.475327188895,12126.475327188895
67,4,10.0,39.0,12126.475327188895,12126.475327188895
67,5,10.0,39.0,12126.475327188895,12126.475327188895
67,6,10.0,39.0,12126.475327188895,12126.475327188895
67,7,10.0,39.0,12126.475327188895,12126.475327188895
67,8,10.0,39.0,12126.475327188895,12126.475327188895
67,9,10.0,39.0,12126.475327188895,12126.475327188895
68,0,10.0,39.0,12126.475327188895,12126.475327188895
68,1,10.0,39.0,12126.475327188895,12126.475327188895
68,2,10.0,39.0,12126.475327188895,12126.475327188895
68,3,10.0,39.0,12126.475327188895,12126.475327188895
68,4,10.0,39.0,12126.475327188895,12126.475327188895
68,5,10.0,39.0,12126.475327188895,12126.475327188895
68,6,10.0,39.0,12126.475327188895,12126.475327188895
68,7,10.0,39.0,12126.475327188895,12126.475327188895
68,8,10.0,39.0,12126.475327188895,12126.475327188895
68,9,10.0,39.0,12126.475327188895,12126.475327188895
69,0,10.0,39.0,12126.475327188895,12126.475327188895
69,1,10.0,39.0,12126.475327188895,12126.475327188895
69,2,10.0,39.0,12126.475327188895,12126.475327188895
69,3,10.0,39.0,12126.475327188895,12126.475327188895
69,4,10.0,39.0,12126.475327188895,12126.475327188895
69,5,10.0,39.0,12126.475327188895,12126.475327188895
69,6,10.0,39.0,12126.475327188895,12126.475327188895
69,7,10.0,39.0,12126.475327188895,12126.475327188895
69,8,10.0,39.0,12126.475327188895,12126.475327188895
69,9,10.0,39.0,12126.475327188895,12126.475327188895
70,0,10.0,39.0,12126.475327188895,12126.475327188895
70,1,10.0,39.0,12126.475327188895,12126.475327188895
70,2,10.0,39.0,12126.475327188895,12126.475327188895
70,3,10.0,39.0,12126.475327188895,12126.475327188895
70,4,10.0,39.0,12126.475327188895,12126.475327188895
70,5,10.0,39.0,12126.475327188895,12126.475327188895
70,6,10.0,39.0,12126.475327188895,12126.475327188895
70,7,10.0,39.0,12126.475327188895,12126.475327188895
70,8,10.0,39.0,12126.475327188895,12126.475327188895
70,9,10.0,39.0,12126.475327188895,12126.475327188895
71,0,10.0,39.0,12126.475327188895,12126.475327188895
71,1,10.0,39.0,12126.475327188895,12126.475327188895
71,2,10.0,39.0,12126.475327188895,12126.475327188895
71,3,10.0,39.0,12126.475327188895,12126.475327188895
71,4,10.0,39.0,12126.475327188895,12126.475327188895
71,5,10.0,39.0,12126.475327188895,12126.475327188895
71,6,10.0,39.0,12126.475327188895,12126.475327188895
71,7,10.0,39.0,12126.475327188895,12126.475327188895
71,8,10.0,39.0,12126.475327188895,12126.475327188895
71,9,10.0,39.0,12126.475327188895,12126.475327188895
72,0,10.0,39.0,12126.475327188895,12126.475327188895
72,1,10.0,39.0,12126.475327188895,12126.475327188895
72,2,10.0,39.0,12126.475327188895,12126.475327188895
72,3,10.0,39.0,12126.475327188895,12126.475327188895
72,4,10.0,39.0,12126.475327188895,12126.475327188895
72,5,10.0,39.0,12126.475327188895,12126.475327188895
72,6,10.0,39.0,12126.475327188895,12126.475327188895
72,7,10.0,39.0,12126.475327188895,12126.475327188895
72,8,10.0,39.0,12126.475327188895,12126.475327188895
72,9,10.0,39.0,12126.475327188895,12126.475327188895
73,0,10.0,39.0,12126.475327188895,12126.475327188895
73,1,10.0,39.0,12126.475327188895,12126.475327188895
73,2,10.0,39.0,12126.475327188895,12126.475327188895
73,3,10.0,39.0,12126.475327188895,12126.475327188895
73,4,10.0,39.0,12126.475327188895,12126.475327188895
73,5,10.0,39.0,12126.475327188895,12126.475327188895
73,6,10.0,39.0,12126.475327188895,12126.475327188895
73,7,10.0,39.0,12126.475327188895,12126.475327188895
73,8,10.0,39.0,12126.475327188895,12126.475327188895
73,9,10.0,39.0,12126.475327188895,12126.475327188895
74,0,10.0,39.0,12126.475327188895,12126.475327188895
74,1,10.0,39.0,12126.475327188895,12126.475327188895
74,2,10.0,39.0,12126.475327188895,12126.475327188895
74,3,10.0,39.0,12126.475327188895,12126.475327188895
74,4,10.0,39.0,12126.475327188895,12126.475327188895
74,5,10.0,39.0,12126.475327188895,12126.475327188895
74,6,10.0,39.0,12126.475327188895,12126.475327188895
74,7,10.0,39.0,12126.475327188895,12126.475327188895
74,8,10.0,39.0,12126.475327188895,12126.475327188895
74,9,10.0,39.0,12126.475327188895,12126.475327188895
75,0,10.0,39.0,12126.475327188895,12126.475327188895
75,1,10.0,39.0,12126.475327188895,12126.475327188895
75,2,10.0,39.0,12126.475327188895,12126.475327188895
75,3,10.0,39.0,12126.475327188895,12126.475327188895
75,4,10.0,39.0,12126.475327188895,12126.475327188895
75,5,10.0,39.0,12126.475327188895,12126.475327188895
75,6,10.0,39.0,12126.475327188895,12126.475327188895
75,7,10.0,39.0,12126.475327188895,12126.475327188895
75,8,10.0,39.0,12126.475327188895,12126.475327188895
75,9,10.0,39.0,12126.475327188895,12126.475327188895
76,0,10.0,39.0,12126.475327188895,12126.475327188895
76,1,10.0,39.0,12126.475327188895,12126.475327188895
76,2,10.0,39.0,12126.475327188895,12126.475327188895
76,3,10.0,39.0,12126.475327188895,12126.475327188895
76,4,10.0,39.0,12126.475327188895,12126.475327188895
76,5,10.0,39.0,12126.475327188895,12126.475327188895
76,6,10.0,39.0,12126.475327188895,12126.475327188895
76,7,10.0,39.0,12126.475327188895,12126.475327188895
76,8,10.0,39.0,12126.475327188895,12126.475327188895
76,9,10.0,39.0,12126.475327188895,12126.475327188895
77,0,10.0,39.0,12126.475327188895,12126.475327188895
77,1,10.0,39.0,12126.475327188895,12126.475327188895
77,2,10.0,39.0,12126.475327188895,12126.475327188895
77,3,10.0,39.0,12126.475327188895,12126.475327188895
77,4,10.0,39.0,12126.475327188895,12126.475327188895
77,5,10.0,39.0,12126.475327188895,12126.475327188895
77,6,10.0,39.0,12126.475327188895,12126.475327188895
77,7,10.0,39.0,12126.475327188895,12126.475327188895
77,8,10.0,39.0,12126.475327188895,12126.475327188895
77,9,10.0,39.0,12126.475327188895,12126.475327188895
78,0,10.0,39.0,12126.475327188895,12126.475327188895
78,1,10.0,39.0,12126.475327188895,12126.475327188895
78,2,10.0,39.0,12126.475327188895,12126.475327188895
78,3,10.0,39.0,12126.475327188895,12126.475327188895
78,4,10.0,39.0,12126.475327188895,12126.475327188895
78,5,10.0,39.0,12126.475327188895,12126.475327188895
78,6,10.0,39.0,12126.475327188895,12126.475327188895
78,7,10.0,39.0,12126.475327188895,12126.475327188895
78,8,10.0,39.0,12126.475327188895,12126.475327188895
78,9,10.0,39.0,12126.475327188895,12126.475327188895
79,0,10.0,39.0,12126.475327188895,12126.475327188895
79,1,10.0,39.0,12126.475327188895,12126.475327188895
79,2,10.0,39.0,12126.475327188895,12126.475327188895
79,3,10.0,39.0,12126.475327188895,12126.475327188895
79,4,10.0,39.0,12126.475327188895,12126.475327188895
79,5,10.0,39.0,12126.475327188895,12126.475327188895
79,6,10.0,39.0,12126.475327188895,12126.475327188895
79,7,10.0,39.0,12126.475327188895,12126.475327188895
79,8,10.0,39.0,12126.475327188895,12126.475327188895
79,9,10.0,39.0,12126.475327188895,12126.475327188895
80,0,10.0,39.0,12126.475327188895,12126.475327188895
80,1,10.0,39.0,12126.475327188895,12126.475327188895
80,2,10.0,39.0,12126.475327188895,12126.475327188895
80,3,10.0,39.0,12126.475327188895,12126.475327188895
80,4,10.0,39.0,12126.475327188895,12126.475327188895
80,5,10.0,39.0,12126.475327188895,12126.475327188895
80,6,10.0,39.0,12126.475327188895,12126.475327188895
80,7,10.0,39.0,12126.475327188895,12126.475327188895
80,8,10.0,39.0,12126.475327188895,12126.475327188895
80,9,10.0,39.0,12126.475327188895,12126.475327188895
81,0,10.0,39.0,12126.475327188895,12126.475327188895
81,1,10.0,39.0,12126.475327188895,12126.475327188895
81,2,10.0,39.0,12126.475327188895,12126.475327188895
81,3,10.0,39.0,12126.475327188895,12126.475327188895
81,4,10.0,39.0,12126.475327188895,12126.475327188895
81,5,10.0,39.0,12126.475327188895,12126.475327188895
81,6,10.0,39.0,12126.475327188895,12126.475327188895
81,7,10.0,39.0,12126.475327188895,12126.475327188895
81,8,10.0,39.0,12126.475327188895,12126.475327188895
81,9,10.0,39.0,12126.475327188895,12126.475327188895
82,0,10.0,39.0,12126.475327188895,12126.475327188895
82,1,10.0,39.0,12126.475327188895,12126.475327188895
82,2,10.0,39.0,12126.475327188895,12126.475327188895
82,3,10.0,39.0,12126.475327188895,12126.475327188895
82,4,10.0,39.0,12126.475327188895,12126.475327188895
82,5,10.0,39.0,12126.475327188895,12126.475327188895
82,6,10.0,39.0,12126.475327188895,12126.475327188895
82,7,10.0,39.0,12126.475327188895,12126.475327188895
82,8,10.0,39.0,12126.475327188895,12126.475327188895
82,9,10.0,39.0,12126.475327188895,12126.475327188895
83,0,10.0,39.0,12126.475327188895,12126.475327188895
83,1,10.0,39.0,12126.475327188895,12126.475327188895
83,2,10.0,39.0,12126.475327188895,12126.475327188895
83,3,10.0,39.0,12126.475327188895,12126.475327188895
83,4,10.0,39.0,12126.475327188895,12126.475327188895
83,5,10.0,39.0,12126.475327188895,12126.475327188895
83,6,10.0,39.0,12126.475327188895,12126.475327188895
83,7,10.0,39.0,12126.475327188895,12126.475327188895
83,8,10.0,39.0,12126.475327188895,12126.475327188895
83,9,10.0,39.0,12126.475327188895,12126.475327188895
84,0,10.0,39.0,12126.475327188895,12126.475327188895
84,1,10.0,39.0,12126.475327188895,12126.475327188895
84,2,10.0,39.0,12126.475327188895,12126.475327188895
84,3,10.0,39.0,12126.475327188895,12126.475327188895
84,4,10.0,39.0,12126.475327188895,12126.475327188895
84,5,10.0,39.0,12126.475327188895,12126.475327188895
84,6,10.0,39.0,12126.475327188895,12126.475327188895
84,7,10.0,39.0,12126.475327188895,12126.475327188895
84,8,10.0,39.0,12126.475327188895,12126.475327188895
84,9,10.0,39.0,12126.475327188895,12126.475327188895
85,0,10.0,39.0,12126.475327188895,12126.475327188895
85,1,10.0,39.0,12126.475327188895,12126.475327188895
85,2,10.0,39.0,12126.475327188895,12126.475327188895
85,3,10.0,39.0,12126.475327188895,12126.475327188895
85,4,10.0,39.0,12126.475327188895,12126.475327188895
85,5,10.0,39.0,12126.475327188895,12126.475327188895
85,6,10.0,39.0,12126.475327188895,12126.475327188895
85,7,10.0,39.0,12126.475327188895,12126.475327188895
85,8,10.0,39.0,12126.475327188895,12126.475327188895
85,9,10.0,39.0,12126.475327188895,12126.475327188895
86,0,10.0,39.0,12126.475327188895,12126.475327188895
86,1,10.0,39.0,12126.475327188895,12126.475327188895
86,2,10.0,39.0,12126.475327188895,12126.475327188895
86,3,10.0,39.0,12126.475327188895,12126.475327188895
86,4,10.0,39.0,12126.475327188895,12126.475327188895
86,5,10.0,39.0,12126.475327188895,12126.475327188895
86,6,10.0,39.0,12126.475327188895,12126.475327188895
86,7,10.0,39.0,12126.475327188895,12126.475327188895
86,8,10.0,39.0,12126.475327188895,12126.475327188895
86,9,10.0,39.0,12126.475327188895,12126.475327188895
87,0,10.0,39.0,12126.475327188895,12126.475327188895
87,1,10.0,39.0,12126.475327188895,12126.475327188895
87,2,10.0,39.0,12126.475327188895,12126.475327188895
87,3,10.0,39.0,12126.475327188895,12126.475327188895
87,4,10.0,39.0,12126.475327188895,12126.475327188895
87,5,10.0,39.0,12126.475327188895,12126.475327188895
87,6,10.0,39.0,12126.475327188895,12126.475327188895
87,7,10.0,39.0,12126.475327188895,12126.475327188895
87,8,10.0,39.0,12126.475327188895,12126.475327188895
87,9,10.0,39.0,12126.475327188895,12126.475327188895
88,0,10.0,39.0,12126.475327188895,12126.475327188895
88,1,10.0,39.0,12126.475327188895,12126.475327188895
88,2,10.0,39.0,12126.475327188895,12126.475327188895
88,3,10.0,39.0,12126.475327188895,12126.475327188895
88,4,10.0,39.0,12126.475327188895,12126.475327188895
88,5,10.0,39.0,12126.475327188895,12126.475327188895
88,6,10.0,39.0,12126.475327188895,12126.475327188895
88,7,10.0,39.0,12126.475327188895,12126.475327188895
88,8,10.0,39.0,12126.475327188895,12126.475327188895
88,9,10.0,39.0,12126.475327188895,12126.475327188895
89,0,10.0,39.0,12126.475327188895,12126.475327188895
89,1,10.0,39.0,12126.475327188895,12126.475327188895
89,2,10.0,39.0,12126.475327188895,12126.475327188895
89,3,10.0,39.0,12126.475327188895,12126.475327188895
89,4,10.0,39.0,12126.475327188895,12126.475327188895
89,5,10.0,39.0,12126.475327188895,12126.475327188895
89,6,10.0,39.0,12126.475327188895,12126.475327188895
89,7,10.0,39.0,12126.475327188895,12126.475327188895
89,8,10.0,39.0,12126.475327188895,12126.475327188895
89,9,10.0,39.0,12126.475327188895,12126.475327188895
90,0,10.0,39.0,12126.475327188895,12126.475327188895
90,1,10.0,39.0,12126.475327188895,12126.475327188895
90,2,10.0,39.0,12126.475327188895,12126.475327188895
90,3,10.0,39.0,12126.475327188895,12126.475327188895
90,4,10.0,39.0,12126.475327188895,12126.475327188895
90,5,10.0,39.0,12126.475327188895,12126.475327188895
90,6,10.0,39.0,12126.475327188895,12126.475327188895
90,7,10.0,39.0,12126.475327188895,12126.475327188895
90,8,10.0,39.0,12126.475327188895,12126.475327188895
90,9,10.0,39.0,12126.475327188895,12126.475327188895
91,0,10.0,39.0,12126.475327188895,12126.475327188895
91,1,10.0,39.0,12126.475327188895,12126.475327188895
91,2,10.0,39.0,12126.475327188895,12126.475327188895
91,3,10.0,39.0,12126.475327188895,12126.475327188895
91,4,10.0,39.0,12126.475327188895,12126.475327188895
91,5,10.0,39.0,12126.475327188895,12126.475327188895
91,6,10.0,39.0,12126.475327188895,12126.475327188895
91,7,10.0,39.0,12126.475327188895,12126.475327188895
91,8,10.0,39.0,12126.475327188895,12126.475327188895
91,9,10.0,39.0,12126.475327188895,12126.475327188895
92,0,10.0,39.0,12126.475327188895,12126.475327188895
92,1,10.0,39.0,12126.475327188895,12126.475327188895
92,2,10.0,39.0,12126.475327188895,12126.475327188895
92,3,10.0,39.0,12126.475327188895,12126.475327188895
92,4,10.0,39.0,12126.475327188895,12126.475327188895
92,5,10.0,39.0,12126.475327188895,12126.475327188895
92,6,10.0,39.0,12126.475327188895,12126.475327188895
92,7,10.0,39.0,12126.475327188895,12126.475327188895
92,8,10.0,39.0,12126.475327188895,12126.475327188895
92,9,10.0,39.0,12126.475327188895,12126.475327188895
93,0,10.0,39.0,12126.475327188895,12126.475327188895
93,1,10.0,39.0,12126.475327188895,12126.475327188895
93,2,10.0,39.0,12126.475327188895,12126.475327188895
93,3,10.0,39.0,12126.475327188895,12126.475327188895
93,4,10.0,39.0,12126.475327188895,12126.475327188895
93,5,10.0,39.0,12126.475327188895,12126.475327188895
93,6,10.0,39.0,12126.475327188895,12126.475327188895
93,7,10.0,39.0,12126.475327188895,12126.475327188895
93,8,10.0,39.0,12126.475327188895,12126.475327188895
93,9,10.0,39.0,12126.475327188895,12126.475327188895
94,0,10.0,39.0,12126.475327188895,12126.475327188895
94,1,10.0,39.0,12126.475327188895,12126.475327188895
94,2,10.0,39.0,12126.475327188895,12126.475327188895
94,3,10.0,39.0,12126.475327188895,12126.475327188895
94,4,10.0,39.0,12126.475327188895,12126.475327188895
94,5,10.0,39.0,12126.475327188895,12126.475327188895
94,6,10.0,39.0,12126.475327188895,12126.475327188895
94,7,10.0,39.0,12126.475327188895,12126.475327188895
94,8,10.0,39.0,12126.475327188895,12126.475327188895
94,9,10.0,39.0,12126.475327188895,12126.475327188895
95,0,10.0,39.0,12126.475327188895,12126.475327188895
95,1,10.0,39.0,12126.475327188895,12126.475327188895
95,2,10.0,39.0,12126.475327188895,12126.475327188895
95,3,10.0,39.0,12126.475327188895,12126.475327188895
95,4,10.0,39.0,12126.475327188895,12126.475327188895
95,5,10.0,39.0,12126.475327188895,12126.475327188895
95,6,10.0,39.0,12126.475327188895,12126.475327188895
95,7,10.0,39.0,12126.475327188895,12126.475327188895
95,8,10.0,39.0,12126.475327188895,12126.475327188895
95,9,10.0,39.0,12126.475327188895,12126.475327188895
96,0,10.0,39.0,12126.475327188895,12126.475327188895
96,1,10.0,39.0,12126.475327188895,12126.475327188895
96,2,10.0,39.0,12126.475327188895,12126.475327188895
96,3,10.0,39.0,12126.475327188895,12126.475327188895
96,4,10.0,39.0,12126.475327188895,12126.475327188895
96,5,10.0,39.0,12126.475327188895,12126.475327188895
96,6,10.0,39.0,12126.475327188895,12126.475327188895
96,7,10.0,39.0,12126.475327188895,12126.475327188895
96,8,10.0,39.0,12126.475327188895,12126.475327188895
96,9,10.0,39.0,12126.475327188895,12126.475327188895
97,0,10.0,39.0,12126.475327188895,12126.475327188895
97,1,10.0,39.0,12126.475327188895,12126.475327188895
97,2,10.0,39.0,12126.475327188895,12126.475327188895
97,3,10.0,39.0,12126.475327188895,12126.475327188895
97,4,10.0,39.0,12126.475327188895,12126.475327188895
97,5,10.0,39.0,12126.475327188895,12126.475327188895
97,6,10.0,39.0,12126.475327188895,12126.475327188895
97,7,10.0,39.0,12126.475327188895,12126.475327188895
97,8,10.0,39.0,12126.475327188895,12126.475327188895
97,9,10.0,39.0,12126.475327188895,12126.475327188895
98,0,10.0,39.0,12126.475327188895,12126.475327188895
98,1,10.0,39.0,12126.475327188895,12126.475327188895
98,2,10.0,39.0,12126.475327188895,12126.475327188895
98,3,10.0,39.0,12126.475327188895,12126.475327188895
98,4,10.0,39.0,12126.475327188895,12126.475327188895
98,5,10.0,39.0,12126.475327188895,12126.475327188895
98,6,10.0,39.0,12126.475327188895,12126.475327188895
98,7,10.0,39.0,12126.475327188895,12126.475327188895
98,8,10.0,39.0,12126.475327188895,12126.475327188895
98,9,10.0,39.0,12126.475327188895,12126.475327188895
99,0,10.0,39.0,12126.475327188895,12126.475327188895
99,1,10.0,39.0,12126.475327188895,12126.475327188895
99,2,10.0,39.0,12126.475327188895,12126.475327188895
99,3,10.0,39.0,12126.475327188895,12126.475327188895
99,4,10.0,39.0,12126.475327188895,12126.475327188895
99,5,10.0,39.0,12126.475327188895,12126.475327188895
99,6,10.0,39.0,12126.475327188895,12126.475327188895
99,7,10.0,39.0,12126.475327188895,12126.475327188895
99,8,10.0,39.0,12126.475327188895,12126.475327188895
99,9,10.0,39.0,12126.475327188895,12126.475327188895
100,0,10.0,39.0,12126.475327188895,12126.475327188895
100,1,10.0,39.0,12126.475327188895,12126.475327188895
100,2,10.0,39.0,12126.475327188895,12126.475327188895
100,3,10.0,39.0,12126.475327188895,12126.475327188895
100,4,10.0,39.0,12126.475327188895,12126.475327188895
100,5,10.0,39.0,12126.475327188895,12126.475327188895
100,6,10.0,39.0,12126.475327188895,12126.475327188895
100,7,10.0,39.0,12126.475327188895,12126.475327188895
100,8,10.0,39.0,12126.475327188895,12126.475327188895
100,9,10.0,39.0,12126.475327188895,12126.475327188895
