Iteration,Particle_ID,Dim_0,Dim_1,Dim_2,Fitness,Best_So_far
0,0,4.0,25.0,0.12776832495853552,875.6111220367812,875.6111220367812
0,1,6.0,24.0,0.8888974562956713,995.6176837052793,995.6176837052793
0,2,1.0,23.0,0.18166579992504794,872.6354895290742,995.6176837052793
0,3,10.0,32.0,0.08718410799959908,838.9033193366641,995.6176837052793
0,4,1.0,15.0,0.7051726953599321,779.5904535616738,995.6176837052793
0,5,2.0,25.0,0.022217519281329867,872.6354895290742,995.6176837052793
0,6,2.0,17.0,0.5263204445657689,473.83706594829596,995.6176837052793
0,7,8.0,29.0,0.7970224412309459,774.4949479364035,995.6176837052793
0,8,7.0,15.0,0.7142934329515143,299.3784490438506,995.6176837052793
0,9,3.0,21.0,0.3489152808806628,729.1187559092666,995.6176837052793
1,0,4.0,25.0,0.12776832495853552,875.6111220367812,995.6176837052793
1,1,6.0,24.0,0.8888974562956713,995.6176837052793,995.6176837052793
1,2,1.0,23.0,0.18166579992504794,872.6354895290742,995.6176837052793
1,3,10.0,32.0,0.08718410799959908,838.9033193366641,995.6176837052793
1,4,1.0,15.0,0.7051726953599321,779.5904535616738,995.6176837052793
1,5,2.0,25.0,0.022217519281329867,872.6354895290742,995.6176837052793
1,6,2.0,17.0,0.5263204445657689,473.83706594829596,995.6176837052793
1,7,8.0,29.0,0.7970224412309459,774.4949479364035,995.6176837052793
1,8,7.0,15.0,0.7142934329515143,299.3784490438506,995.6176837052793
1,9,3.0,21.0,0.3489152808806628,729.1187559092666,995.6176837052793
2,0,6.0,25.0,1.0,657.743900630044,995.6176837052793
2,1,6.0,24.0,1.0,736.1169536281117,995.6176837052793
2,2,3.0,23.0,0.6733254274307491,532.4318888660805,995.6176837052793
2,3,7.0,26.0,0.26102144621702217,1052.7498973752108,1052.7498973752108
2,4,8.0,28.0,0.7656231440576755,885.0039000886554,1052.7498973752108
2,5,4.0,24.0,0.6269327461236962,1166.6014231441166,1166.6014231441166
2,6,3.0,19.0,0.1990910422222953,872.6354895290742,1166.6014231441166
2,7,7.0,25.0,0.5365923991706987,1243.8552268726783,1243.8552268726783
2,8,6.0,24.0,0.6910039853994772,1258.6929385548615,1258.6929385548615
2,9,6.0,23.0,0.9642298088549632,822.2672466374146,1258.6929385548615
3,0,6.0,24.0,0.6871379006904987,1258.6929385548615,1258.6929385548615
3,1,6.0,24.0,0.6536338884173294,1322.565601079891,1322.565601079891
3,2,3.0,23.0,0.49710815490316396,439.57592127933725,1322.565601079891
3,3,5.0,23.0,0.47768887122892256,1177.7041702941326,1322.565601079891
3,4,10.0,33.0,0.7708154951537767,1140.29181866033,1322.565601079891
3,5,5.0,24.0,0.9372408076882437,989.5665635895397,1322.565601079891
3,6,4.0,20.0,0.07174614952409242,870.5100377378548,1322.565601079891
3,7,5.0,22.0,0.5268344707586196,1520.1433669647606,1520.1433669647606
3,8,6.0,29.0,0.6793592616234586,1017.3148335861922,1520.1433669647606
3,9,7.0,26.0,0.9014891668477221,690.368112259488,1520.1433669647606
4,0,5.0,21.0,0.35857429403170216,638.0911810376472,1520.1433669647606
4,1,5.0,21.0,0.3188866959781852,551.9325833828244,1520.1433669647606
4,2,4.0,22.0,0.22293564360498724,875.6111220367812,1520.1433669647606
4,3,4.0,21.0,0.5987518818286552,962.3356027701967,1520.1433669647606
4,4,8.0,29.0,0.6152735100293888,1482.0811346234832,1520.1433669647606
4,5,5.0,23.0,0.7586152155374359,1472.1367624488162,1520.1433669647606
4,6,4.0,21.0,0.3172244253919001,591.4378284016808,1520.1433669647606
4,7,4.0,21.0,0.52195550655258,945.698430368239,1520.1433669647606
4,8,5.0,18.0,0.49033858296123123,622.1342352089888,1520.1433669647606
4,9,7.0,24.0,0.9063080092882281,927.7120958842228,1520.1433669647606
5,0,6.0,23.0,0.6142471203779241,770.4979609628596,1520.1433669647606
5,1,5.0,23.0,0.5316613009669982,1246.183599730962,1520.1433669647606
5,2,6.0,21.0,0.4110251220592318,1214.7309058974868,1520.1433669647606
5,3,5.0,22.0,0.5524054652652952,1590.0501645768586,1590.0501645768586
5,4,4.0,20.0,0.4557832225869355,486.1228162927233,1590.0501645768586
5,5,5.0,23.0,0.6569609298998909,690.5680467774433,1590.0501645768586
5,6,5.0,23.0,0.7114311275972167,1228.340322711153,1590.0501645768586
5,7,5.0,21.0,0.5249539340506446,1179.9408171864836,1590.0501645768586
5,8,4.0,16.0,0.4363773487426883,204.09071024136014,1590.0501645768586
5,9,6.0,23.0,0.8176877538229221,1109.9709767619522,1590.0501645768586
6,0,5.0,23.0,0.7003525978863283,1231.9342382398104,1590.0501645768586
6,1,5.0,23.0,0.7025919753243579,1231.9342382398104,1590.0501645768586
6,2,6.0,22.0,0.6185616475479804,937.1844680458383,1590.0501645768586
6,3,5.0,22.0,0.5292322569836152,1404.0610646127477,1590.0501645768586
6,4,4.0,20.0,0.4671471572349041,609.173200139507,1590.0501645768586
6,5,5.0,22.0,0.6068301994621081,932.5827783110849,1590.0501645768586
6,6,6.0,24.0,0.8576571926928794,1110.8080076154856,1590.0501645768586
6,7,5.0,23.0,0.5415323653759637,1519.827746142987,1590.0501645768586
6,8,5.0,21.0,0.5347747671543924,1467.0843414026135,1590.0501645768586
6,9,5.0,21.0,0.5065589817386769,972.2546098621583,1590.0501645768586
7,0,6.0,23.0,0.5759500629421341,796.1973212213029,1590.0501645768586
7,1,6.0,22.0,0.5830413191770675,711.3803433379201,1590.0501645768586
7,2,6.0,22.0,0.5701708151499696,694.0427088390121,1590.0501645768586
7,3,5.0,22.0,0.5438583832877737,1930.8459019648467,1930.8459019648467
7,4,8.0,30.0,0.6757284882695473,1067.41379769524,1930.8459019648467
7,5,5.0,23.0,0.7607588753401691,1472.1367624488162,1930.8459019648467
7,6,6.0,24.0,0.9014135370938334,927.7120958842228,1930.8459019648467
7,7,5.0,23.0,0.53409275121389,1635.8595170715773,1930.8459019648467
7,8,5.0,24.0,0.5862819564403831,740.72566418821,1930.8459019648467
7,9,5.0,23.0,0.6645101960649563,745.524681677072,1930.8459019648467
8,0,6.0,23.0,0.5054639703877006,1646.2875615300422,1930.8459019648467
8,1,6.0,22.0,0.5208121003978572,1005.3595713045856,1930.8459019648467
8,2,4.0,21.0,0.30408803970413517,640.6580144958297,1930.8459019648467
8,3,5.0,22.0,0.5511714464398529,1594.7589165496504,1930.8459019648467
8,4,8.0,27.0,0.6198580274644042,1590.4830335308927,1930.8459019648467
8,5,5.0,23.0,0.7428463680045865,1464.6318588637587,1930.8459019648467
8,6,4.0,21.0,0.45360722899048367,671.4658940776429,1930.8459019648467
8,7,5.0,22.0,0.5355309562568851,1765.0739217369257,1930.8459019648467
8,8,5.0,22.0,0.5520898037956227,1590.0501645768586,1930.8459019648467
8,9,6.0,22.0,0.7148408620847311,1414.0145445506869,1930.8459019648467
9,0,5.0,22.0,0.5126426952497694,800.2090735854796,1930.8459019648467
9,1,5.0,23.0,0.5992340331840695,1018.4813082739433,1930.8459019648467
9,2,4.0,21.0,0.2762866071039326,817.4110618627475,1930.8459019648467
9,3,5.0,22.0,0.5505872176595852,1619.0156657604623,1930.8459019648467
9,4,5.0,21.0,0.5257270442179321,1103.0063671023815,1930.8459019648467
9,5,5.0,23.0,0.6508266184005153,745.0056984049538,1930.8459019648467
9,6,5.0,22.0,0.4838188189796002,1203.5998791801385,1930.8459019648467
9,7,5.0,22.0,0.5475378977297036,1768.6756114365148,1930.8459019648467
9,8,5.0,21.0,0.5270066047244047,1134.1673861540446,1930.8459019648467
9,9,6.0,22.0,0.6206825365829649,937.1844680458383,1930.8459019648467
10,0,6.0,23.0,0.5387191084431111,1096.271901623733,1930.8459019648467
10,1,5.0,24.0,0.6664559889957382,1264.9479808257481,1930.8459019648467
10,2,7.0,22.0,0.7841979422974151,1158.0981173299463,1930.8459019648467
10,3,5.0,22.0,0.5357127876433924,1786.0429999271605,1930.8459019648467
10,4,7.0,25.0,0.5873583324692766,1168.174503843224,1930.8459019648467
10,5,5.0,22.0,0.6109354591269783,998.2690395597593,1930.8459019648467
10,6,5.0,24.0,0.7282792312886327,1147.8362913084773,1930.8459019648467
10,7,5.0,22.0,0.552885122346884,1608.6822192589675,1930.8459019648467
10,8,5.0,22.0,0.547907679269539,1621.897025844996,1930.8459019648467
10,9,5.0,22.0,0.6010519727039292,742.8957943576117,1930.8459019648467
11,0,5.0,22.0,0.515348863616686,1050.0276391258892,1930.8459019648467
11,1,5.0,23.0,0.5796689948159854,1082.7103097385484,1930.8459019648467
11,2,7.0,22.0,0.7417302064178085,1550.3696674370397,1930.8459019648467
11,3,5.0,22.0,0.5445353021339183,1930.8459019648467,1930.8459019648467
11,4,7.0,27.0,0.6178285801381583,1835.1266269435343,1930.8459019648467
11,5,5.0,22.0,0.691656354915738,802.3453303745882,1930.8459019648467
11,6,5.0,22.0,0.5854650803905775,914.7769002401525,1930.8459019648467
11,7,5.0,22.0,0.5522519664485801,1590.0501645768586,1930.8459019648467
11,8,5.0,22.0,0.5562012162490458,1587.0816321827997,1930.8459019648467
11,9,5.0,22.0,0.5901808151429571,871.7882734738488,1930.8459019648467
12,0,5.0,22.0,0.5346469634424095,1546.8604819008772,1930.8459019648467
12,1,7.0,23.0,0.6167546018824237,1238.5014538602004,1930.8459019648467
12,2,6.0,22.0,0.5905788624903138,769.4528587253392,1930.8459019648467
12,3,5.0,22.0,0.5482323198699116,1621.897025844996,1930.8459019648467
12,4,4.0,21.0,0.5244246360240382,1088.4372762859894,1930.8459019648467
12,5,5.0,24.0,0.8186973816785458,1213.527072000556,1930.8459019648467
12,6,5.0,21.0,0.5196981561259946,882.9099597249777,1930.8459019648467
12,7,5.0,22.0,0.5411028689442452,1856.1471685029226,1930.8459019648467
12,8,5.0,22.0,0.5443399174833959,1930.8459019648467,1930.8459019648467
12,9,6.0,22.0,0.6621378052601024,1456.325794547525,1930.8459019648467
13,0,6.0,23.0,0.5228565733149904,1097.25540752937,1930.8459019648467
13,1,4.0,24.0,0.6214168597697307,1224.0291588491525,1930.8459019648467
13,2,5.0,22.0,0.534137864355168,1546.8604819008772,1930.8459019648467
13,3,5.0,22.0,0.5490747824598055,1621.897025844996,1930.8459019648467
13,4,6.0,24.0,0.5687845074693126,992.6107479663317,1930.8459019648467
13,5,5.0,21.0,0.47350111644523196,791.7411399145144,1930.8459019648467
13,6,5.0,22.0,0.5403138844219396,1834.4850104714003,1930.8459019648467
13,7,5.0,22.0,0.5389417629635604,1782.5675694024503,1930.8459019648467
13,8,5.0,22.0,0.5383679152460186,1781.41975139688,1930.8459019648467
13,9,5.0,22.0,0.523631298763526,1560.56634998526,1930.8459019648467
14,0,5.0,22.0,0.53996605077681,1834.4850104714003,1930.8459019648467
14,1,6.0,23.0,0.6140962783872127,770.4979609628596,1930.8459019648467
14,2,7.0,22.0,0.7525825323282516,1565.7857779399465,1930.8459019648467
14,3,5.0,22.0,0.5444126109915228,1930.8459019648467,1930.8459019648467
14,4,7.0,25.0,0.5956937999174046,1234.198594076349,1930.8459019648467
14,5,5.0,22.0,0.6198631646387832,666.297717052123,1930.8459019648467
14,6,5.0,22.0,0.5516273088553686,1590.0501645768586,1930.8459019648467
14,7,5.0,22.0,0.5441228009716172,1930.8459019648467,1930.8459019648467
14,8,5.0,22.0,0.5464141438812372,1929.2653073645513,1930.8459019648467
14,9,4.0,22.0,0.46336276089404443,568.8181797443051,1930.8459019648467
15,0,5.0,22.0,0.549132521434418,1621.897025844996,1930.8459019648467
15,1,6.0,23.0,0.5840298407529652,720.955653597166,1930.8459019648467
15,2,8.0,22.0,0.8360181533063128,1093.923785181503,1930.8459019648467
15,3,5.0,22.0,0.5416419742395097,1856.1471685029226,1930.8459019648467
15,4,5.0,24.0,0.5645459987309079,1203.6848482417174,1930.8459019648467
15,5,5.0,23.0,0.6413657825395793,870.4440946358636,1930.8459019648467
15,6,5.0,22.0,0.5418626946521266,1834.2194562294148,1930.8459019648467
15,7,5.0,22.0,0.5465333710376402,1929.2653073645513,1930.8459019648467
15,8,5.0,22.0,0.5483057016221787,1621.897025844996,1930.8459019648467
15,9,5.0,22.0,0.5295650097964233,1395.439637023021,1930.8459019648467
16,0,5.0,22.0,0.5385865508583395,1781.41975139688,1930.8459019648467
16,1,5.0,22.0,0.571549175124189,950.3892677605353,1930.8459019648467
16,2,3.0,22.0,0.4036193858871771,609.0112324639151,1930.8459019648467
16,3,5.0,22.0,0.544969691191249,1930.8459019648467,1930.8459019648467
16,4,6.0,23.0,0.5680456136055763,639.2592721469358,1930.8459019648467
16,5,5.0,22.0,0.6591089009110354,756.588761290252,1930.8459019648467
16,6,5.0,22.0,0.5380478223050507,1666.7557007094592,1930.8459019648467
16,7,5.0,22.0,0.5433357181896643,1837.6106234965584,1930.8459019648467
16,8,5.0,22.0,0.543261734475303,1837.6106234965584,1930.8459019648467
16,9,6.0,22.0,0.5765148311691239,707.4739052547351,1930.8459019648467
17,0,5.0,22.0,0.5405675017311408,1830.5624669947415,1930.8459019648467
17,1,6.0,24.0,0.655531743489633,1322.565601079891,1930.8459019648467
17,2,2.0,22.0,0.30201499115131525,875.6111220367812,1930.8459019648467
17,3,5.0,22.0,0.5455150236754653,1800.1550315396244,1930.8459019648467
17,4,7.0,26.0,0.6078795397161226,1326.537283106113,1930.8459019648467
17,5,5.0,23.0,0.7778750864880644,1445.5417320464571,1930.8459019648467
17,6,5.0,22.0,0.538423261115883,1781.41975139688,1930.8459019648467
17,7,5.0,22.0,0.5426933124984971,1837.2228601238041,1930.8459019648467
17,8,5.0,22.0,0.5420124479235555,1834.2194562294148,1930.8459019648467
17,9,5.0,22.0,0.5463246917218181,1920.538890595467,1930.8459019648467
18,0,5.0,22.0,0.545003242796116,1930.8459019648467,1930.8459019648467
18,1,6.0,24.0,0.6388025154800328,1262.2051229942829,1930.8459019648467
18,2,8.0,22.0,0.7788647383146942,1490.1615232015845,1930.8459019648467
18,3,5.0,22.0,0.5417109868778611,1856.1471685029226,1930.8459019648467
18,4,5.0,24.0,0.5579122269652359,1388.477097441775,1930.8459019648467
18,5,5.0,22.0,0.5304669679392728,1403.8542373202745,1930.8459019648467
18,6,5.0,22.0,0.5434670148785585,1837.6106234965584,1930.8459019648467
18,7,5.0,22.0,0.5435630776999615,1837.6106234965584,1930.8459019648467
18,8,5.0,22.0,0.546355407580684,1929.2653073645513,1930.8459019648467
18,9,5.0,22.0,0.5306759229036961,1403.8542373202745,1930.8459019648467
19,0,5.0,22.0,0.5463518445205815,1920.538890595467,1930.8459019648467
19,1,5.0,22.0,0.5582799439775513,1571.5185643966308,1930.8459019648467
19,2,9.0,22.0,0.9242473657951089,1047.3472253699852,1930.8459019648467
19,3,5.0,22.0,0.5438871360520179,1930.8459019648467,1930.8459019648467
19,4,6.0,25.0,0.5848325009666315,1215.6951852091343,1930.8459019648467
19,5,5.0,22.0,0.47119200757236845,1096.4047042132397,1930.8459019648467
19,6,5.0,22.0,0.5463120949275754,1920.538890595467,1930.8459019648467
19,7,5.0,22.0,0.5450057669657815,1930.8459019648467,1930.8459019648467
19,8,5.0,22.0,0.5441790876553506,1930.8459019648467,1930.8459019648467
19,9,5.0,22.0,0.5602809727459788,1463.5211505407249,1930.8459019648467
20,0,5.0,22.0,0.5430432051969422,1837.2228601238041,1930.8459019648467
20,1,5.0,21.0,0.49992491516868764,1028.9102523259157,1930.8459019648467
20,2,2.0,22.0,0.3633678212834395,875.6111220367812,1930.8459019648467
20,3,5.0,22.0,0.5449160602802418,1930.8459019648467,1930.8459019648467
20,4,6.0,23.0,0.573565560057631,743.9640796928834,1930.8459019648467
20,5,5.0,23.0,0.8474200495658248,1178.189806197836,1930.8459019648467
20,6,5.0,22.0,0.5476195943126995,1768.6756114365148,1930.8459019648467
20,7,5.0,22.0,0.5432450131649792,1837.6106234965584,1930.8459019648467
20,8,5.0,22.0,0.5432454410100496,1837.6106234965584,1930.8459019648467
20,9,5.0,22.0,0.5431778692080742,1837.6106234965584,1930.8459019648467
21,0,5.0,22.0,0.5418187528593541,1834.2194562294148,1930.8459019648467
21,1,5.0,21.0,0.49668805113953546,935.5134326137703,1930.8459019648467
21,2,8.0,22.0,0.7165507801421245,1611.3446384244517,1930.8459019648467
21,3,5.0,22.0,0.5436728021145866,1837.6106234965584,1930.8459019648467
21,4,5.0,22.0,0.5539705495159876,1608.6822192589675,1930.8459019648467
21,5,5.0,23.0,0.8718959960436116,976.0172573459053,1930.8459019648467
21,6,5.0,22.0,0.5458000923581355,1800.1550315396244,1930.8459019648467
21,7,5.0,22.0,0.5439357997679732,1930.8459019648467,1930.8459019648467
21,8,5.0,22.0,0.5433760257493364,1837.6106234965584,1930.8459019648467
21,9,5.0,22.0,0.5358586970366048,1786.0429999271605,1930.8459019648467
22,0,5.0,22.0,0.5480881686984718,1621.897025844996,1930.8459019648467
22,1,5.0,22.0,0.555619504028376,1587.0816321827997,1930.8459019648467
22,2,9.0,22.0,0.7550083321382887,1574.0504683720471,1930.8459019648467
22,3,5.0,22.0,0.5432100724309559,1837.6106234965584,1930.8459019648467
22,4,7.0,28.0,0.6223848070989036,1400.6570064933805,1930.8459019648467
22,5,5.0,23.0,0.739805804823082,1464.6318588637587,1930.8459019648467
22,6,5.0,22.0,0.5433685777520796,1837.6106234965584,1930.8459019648467
22,7,5.0,22.0,0.5444272668834731,1930.8459019648467,1930.8459019648467
22,8,5.0,22.0,0.5449332133979552,1930.8459019648467,1930.8459019648467
22,9,5.0,22.0,0.5468451162585898,1931.4648629933106,1931.4648629933106
23,0,5.0,22.0,0.548893513937837,1621.897025844996,1931.4648629933106
23,1,5.0,23.0,0.5821182561290718,996.8030100460492,1931.4648629933106
23,2,6.0,22.0,0.6267825566419953,938.2369839703858,1931.4648629933106
23,3,5.0,22.0,0.5480315138190153,1621.897025844996,1931.4648629933106
23,4,6.0,24.0,0.5786411474362817,1236.4481627329023,1931.4648629933106
23,5,5.0,23.0,0.6435000749555297,811.221871327673,1931.4648629933106
23,6,5.0,22.0,0.5457148919721493,1800.1550315396244,1931.4648629933106
23,7,5.0,22.0,0.5472439662316726,1931.4648629933106,1931.4648629933106
23,8,5.0,22.0,0.5457776302619258,1800.1550315396244,1931.4648629933106
23,9,5.0,22.0,0.5523383258695823,1590.0501645768586,1931.4648629933106
24,0,5.0,22.0,0.5481930493127685,1621.897025844996,1931.4648629933106
24,1,5.0,23.0,0.5756123444407646,1085.5946133061632,1931.4648629933106
24,2,4.0,22.0,0.5037026314440153,863.6592471334536,1931.4648629933106
24,3,5.0,22.0,0.5445061989336247,1930.8459019648467,1931.4648629933106
24,4,6.0,23.0,0.5638946864425805,602.5656339917921,1931.4648629933106
24,5,5.0,22.0,0.5187164583091578,1252.6717552197981,1931.4648629933106
24,6,5.0,22.0,0.5487412940545511,1621.897025844996,1931.4648629933106
24,7,5.0,22.0,0.5482554851078253,1621.897025844996,1931.4648629933106
24,8,5.0,22.0,0.5454160054290677,1800.1550315396244,1931.4648629933106
24,9,5.0,22.0,0.5463888609719276,1929.2653073645513,1931.4648629933106
25,0,5.0,22.0,0.5422104505709088,1837.2228601238041,1931.4648629933106
25,1,5.0,20.0,0.5119660425569038,443.291674336262,1931.4648629933106
25,2,5.0,22.0,0.5283523195689445,1512.3570260817867,1931.4648629933106
25,3,5.0,22.0,0.5452760564644652,1800.1550315396244,1931.4648629933106
25,4,6.0,25.0,0.5906821353874225,1206.6859244965908,1931.4648629933106
25,5,5.0,22.0,0.5388403826617586,1760.1084766811616,1931.4648629933106
25,6,5.0,22.0,0.5449498392950858,1930.8459019648467,1931.4648629933106
25,7,5.0,22.0,0.5459683877667422,1800.1550315396244,1931.4648629933106
25,8,5.0,22.0,0.544417559940298,1930.8459019648467,1931.4648629933106
25,9,5.0,22.0,0.5434545116402418,1837.6106234965584,1931.4648629933106
26,0,5.0,22.0,0.5408670365300571,1856.1471685029226,1931.4648629933106
26,1,5.0,21.0,0.5276923558131079,1214.0571026562286,1931.4648629933106
26,2,9.0,22.0,0.7397241482922544,1550.3696674370397,1931.4648629933106
26,3,5.0,22.0,0.5447333486256954,1930.8459019648467,1931.4648629933106
26,4,7.0,26.0,0.6043523046470576,1350.8726866439908,1931.4648629933106
26,5,5.0,22.0,0.5491991193370995,1621.897025844996,1931.4648629933106
26,6,5.0,22.0,0.5441420586025613,1930.8459019648467,1931.4648629933106
26,7,5.0,22.0,0.545844528821927,1800.1550315396244,1931.4648629933106
26,8,5.0,22.0,0.5468889746413779,1931.4648629933106,1931.4648629933106
26,9,5.0,22.0,0.5471613366259438,1931.4648629933106,1931.4648629933106
27,0,5.0,22.0,0.5453039825086329,1800.1550315396244,1931.4648629933106
27,1,5.0,23.0,0.582290397473812,996.8030100460492,1931.4648629933106
27,2,7.0,22.0,0.7109573168649257,1594.843153943607,1931.4648629933106
27,3,5.0,22.0,0.544480789547712,1930.8459019648467,1931.4648629933106
27,4,6.0,25.0,0.5818337031254202,1158.8934427119666,1931.4648629933106
27,5,5.0,22.0,0.5461296838942288,1920.538890595467,1931.4648629933106
27,6,5.0,22.0,0.5467570796236484,1931.4648629933106,1931.4648629933106
27,7,5.0,22.0,0.5472650496613611,1931.4648629933106,1931.4648629933106
27,8,5.0,22.0,0.5480630171870452,1621.897025844996,1931.4648629933106
27,9,5.0,22.0,0.5482908173663105,1621.897025844996,1931.4648629933106
28,0,5.0,22.0,0.5491787940305246,1621.897025844996,1931.4648629933106
28,1,5.0,22.0,0.5530578804349294,1608.6822192589675,1931.4648629933106
28,2,4.0,22.0,0.53950618181373,852.7169783628353,1931.4648629933106
28,3,5.0,22.0,0.544427792339734,1930.8459019648467,1931.4648629933106
28,4,5.0,21.0,0.5426923770142323,1744.6486433209764,1931.4648629933106
28,5,5.0,22.0,0.5453418517712757,1800.1550315396244,1931.4648629933106
28,6,5.0,22.0,0.5481038604850035,1621.897025844996,1931.4648629933106
28,7,5.0,22.0,0.5479448159564988,1621.897025844996,1931.4648629933106
28,8,5.0,22.0,0.546132971034024,1920.538890595467,1931.4648629933106
28,9,5.0,22.0,0.546707378776262,1931.4648629933106,1931.4648629933106
29,0,5.0,22.0,0.5459848645391934,1800.1550315396244,1931.4648629933106
29,1,5.0,22.0,0.5369992826323581,1666.7557007094592,1931.4648629933106
29,2,8.0,22.0,0.6265676089405011,1419.5682232587087,1931.4648629933106
29,3,5.0,22.0,0.5472125601493693,1931.4648629933106,1931.4648629933106
29,4,6.0,26.0,0.5959491760533588,1463.7464154710547,1931.4648629933106
29,5,5.0,22.0,0.547196083976439,1931.4648629933106,1931.4648629933106
29,6,5.0,22.0,0.5465217042177363,1929.2653073645513,1931.4648629933106
29,7,5.0,22.0,0.5480369909604748,1621.897025844996,1931.4648629933106
29,8,5.0,22.0,0.5463581987966554,1929.2653073645513,1931.4648629933106
29,9,5.0,22.0,0.5461797471391592,1920.538890595467,1931.4648629933106
30,0,5.0,22.0,0.5432536243885513,1837.6106234965584,1931.4648629933106
30,1,5.0,22.0,0.5361196404606738,1786.0429999271605,1931.4648629933106
30,2,7.0,22.0,0.6673208928782141,1362.0260004922814,1931.4648629933106
30,3,5.0,22.0,0.5484732153217317,1621.897025844996,1931.4648629933106
30,4,6.0,26.0,0.5980430112754413,1463.7464154710547,1931.4648629933106
30,5,5.0,22.0,0.5478388639731563,1768.6756114365148,1931.4648629933106
30,6,5.0,22.0,0.5461920469965494,1920.538890595467,1931.4648629933106
30,7,5.0,22.0,0.546482749840909,1929.2653073645513,1931.4648629933106
30,8,5.0,22.0,0.5471559909899868,1931.4648629933106,1931.4648629933106
30,9,5.0,22.0,0.5465946031780748,1931.4648629933106,1931.4648629933106
31,0,5.0,22.0,0.5441682220914607,1930.8459019648467,1931.4648629933106
31,1,5.0,22.0,0.5407502808788043,1875.3523070267156,1931.4648629933106
31,2,5.0,22.0,0.6039280753990494,803.4346086642968,1931.4648629933106
31,3,5.0,22.0,0.5478492435035831,1768.6756114365148,1931.4648629933106
31,4,6.0,22.0,0.5598013761320201,796.2774961779347,1931.4648629933106
31,5,5.0,22.0,0.5470400238733165,1931.4648629933106,1931.4648629933106
31,6,5.0,22.0,0.5462653733478632,1920.538890595467,1931.4648629933106
31,7,5.0,22.0,0.5460560666134837,1800.1550315396244,1931.4648629933106
31,8,5.0,22.0,0.5471954385539722,1931.4648629933106,1931.4648629933106
31,9,5.0,22.0,0.5473438643307458,1914.2435517520275,1931.4648629933106
32,0,5.0,22.0,0.549497590543913,1626.4402445352562,1931.4648629933106
32,1,5.0,22.0,0.5460621443076955,1800.1550315396244,1931.4648629933106
32,2,6.0,22.0,0.5644524162317321,739.1779992893347,1931.4648629933106
32,3,5.0,22.0,0.5460066421069097,1800.1550315396244,1931.4648629933106
32,4,6.0,26.0,0.5955957235994993,1463.7464154710547,1931.4648629933106
32,5,5.0,22.0,0.5466905887195405,1931.4648629933106,1931.4648629933106
32,6,5.0,22.0,0.5470695013451319,1931.4648629933106,1931.4648629933106
32,7,5.0,22.0,0.547199713123403,1931.4648629933106,1931.4648629933106
32,8,5.0,22.0,0.5467655236967401,1931.4648629933106,1931.4648629933106
32,9,5.0,22.0,0.5475425742109544,1768.6756114365148,1931.4648629933106
33,0,5.0,22.0,0.5478071154155693,1768.6756114365148,1931.4648629933106
33,1,5.0,22.0,0.5489076081206874,1621.897025844996,1931.4648629933106
33,2,6.0,22.0,0.5475209035294288,743.374914753314,1931.4648629933106
33,3,5.0,22.0,0.5457853670557847,1800.1550315396244,1931.4648629933106
33,4,7.0,29.0,0.6264310850178954,1292.5102738027078,1931.4648629933106
33,5,5.0,22.0,0.5470344248638509,1931.4648629933106,1931.4648629933106
33,6,5.0,22.0,0.5472243696473327,1931.4648629933106,1931.4648629933106
33,7,5.0,22.0,0.5477933919882149,1768.6756114365148,1931.4648629933106
33,8,5.0,22.0,0.5466751246898836,1931.4648629933106,1931.4648629933106
33,9,5.0,22.0,0.5464950454755412,1929.2653073645513,1931.4648629933106
34,0,5.0,22.0,0.5459121558870026,1800.1550315396244,1931.4648629933106
34,1,5.0,22.0,0.5453468341543496,1800.1550315396244,1931.4648629933106
34,2,6.0,22.0,0.665094745630592,1469.9852405081501,1931.4648629933106
34,3,5.0,22.0,0.547651158401694,1768.6756114365148,1931.4648629933106
34,4,7.0,28.0,0.6136920984000975,1603.1746890207792,1931.4648629933106
34,5,5.0,22.0,0.5472590882253544,1931.4648629933106,1931.4648629933106
34,6,5.0,22.0,0.5465332715109714,1929.2653073645513,1931.4648629933106
34,7,5.0,22.0,0.5472002945595463,1931.4648629933106,1931.4648629933106
34,8,5.0,22.0,0.5466952577521506,1931.4648629933106,1931.4648629933106
34,9,5.0,22.0,0.5467384040672866,1931.4648629933106,1931.4648629933106
35,0,5.0,22.0,0.5453410150288885,1800.1550315396244,1931.4648629933106
35,1,5.0,22.0,0.5441275862032118,1930.8459019648467,1931.4648629933106
35,2,8.0,22.0,0.6902862000823137,1482.9603580282885,1931.4648629933106
35,3,5.0,22.0,0.5480990656681048,1621.897025844996,1931.4648629933106
35,4,4.0,18.0,0.518180194699985,562.4988256915237,1931.4648629933106
35,5,5.0,22.0,0.546877948949825,1931.4648629933106,1931.4648629933106
35,6,5.0,22.0,0.5465240233419795,1929.2653073645513,1931.4648629933106
35,7,5.0,22.0,0.546901681375891,1931.4648629933106,1931.4648629933106
35,8,5.0,22.0,0.546894627922813,1931.4648629933106,1931.4648629933106
35,9,5.0,22.0,0.5470208619562961,1931.4648629933106,1931.4648629933106
36,0,5.0,22.0,0.5466222250907737,1931.4648629933106,1931.4648629933106
36,1,5.0,22.0,0.5467346221368192,1931.4648629933106,1931.4648629933106
36,2,6.0,22.0,0.6156123847219742,943.4591974467032,1931.4648629933106
36,3,5.0,22.0,0.5454761640109178,1800.1550315396244,1931.4648629933106
36,4,5.0,19.0,0.5358718920278444,710.7275312804742,1931.4648629933106
36,5,5.0,22.0,0.5470574127997291,1931.4648629933106,1931.4648629933106
36,6,5.0,22.0,0.5470320600977582,1931.4648629933106,1931.4648629933106
36,7,5.0,22.0,0.5469576881527086,1931.4648629933106,1931.4648629933106
36,8,5.0,22.0,0.546953637597409,1931.4648629933106,1931.4648629933106
36,9,5.0,22.0,0.5470366907716033,1931.4648629933106,1931.4648629933106
37,0,5.0,22.0,0.5474923981561813,1768.6756114365148,1931.4648629933106
37,1,5.0,22.0,0.5481148633758777,1621.897025844996,1931.4648629933106
37,2,7.0,22.0,0.6727798778234996,1521.834333502243,1931.4648629933106
37,3,5.0,22.0,0.5466642241762051,1931.4648629933106,1931.4648629933106
37,4,7.0,30.0,0.6278016711590383,1040.248052919022,1931.4648629933106
37,5,5.0,22.0,0.5471287294390015,1931.4648629933106,1931.4648629933106
37,6,5.0,22.0,0.5468009585744131,1931.4648629933106,1931.4648629933106
37,7,5.0,22.0,0.5470242699666751,1931.4648629933106,1931.4648629933106
37,8,5.0,22.0,0.5468396534085128,1931.4648629933106,1931.4648629933106
37,9,5.0,22.0,0.5468072591079047,1931.4648629933106,1931.4648629933106
38,0,5.0,22.0,0.5460983471148466,1800.1550315396244,1931.4648629933106
38,1,5.0,22.0,0.5464600060138382,1929.2653073645513,1931.4648629933106
38,2,8.0,22.0,0.6782265015054626,1521.3379535824251,1931.4648629933106
38,3,5.0,22.0,0.5481894803086717,1621.897025844996,1931.4648629933106
38,4,5.0,22.0,0.5553914039786166,1587.0816321827997,1931.4648629933106
38,5,5.0,22.0,0.547099338659139,1931.4648629933106,1931.4648629933106
38,6,5.0,22.0,0.5467287553273606,1931.4648629933106,1931.4648629933106
38,7,5.0,22.0,0.5472898266167421,1931.4648629933106,1931.4648629933106
38,8,5.0,22.0,0.5467866243269652,1931.4648629933106,1931.4648629933106
38,9,5.0,22.0,0.5467972780830175,1931.4648629933106,1931.4648629933106
39,0,5.0,22.0,0.5467889803966041,1931.4648629933106,1931.4648629933106
39,1,5.0,22.0,0.5459758961774633,1800.1550315396244,1931.4648629933106
39,2,8.0,22.0,0.7061859297372586,1594.843153943607,1931.4648629933106
39,3,5.0,22.0,0.5481114718991816,1621.897025844996,1931.4648629933106
39,4,5.0,19.0,0.536096223172218,710.7275312804742,1931.4648629933106
39,5,5.0,22.0,0.5469743599839803,1931.4648629933106,1931.4648629933106
39,6,5.0,22.0,0.5468289478989469,1931.4648629933106,1931.4648629933106
39,7,5.0,22.0,0.5468085758072089,1931.4648629933106,1931.4648629933106
39,8,5.0,22.0,0.5469163013833711,1931.4648629933106,1931.4648629933106
39,9,5.0,22.0,0.5468334926052052,1931.4648629933106,1931.4648629933106
40,0,5.0,22.0,0.5471594003267348,1931.4648629933106,1931.4648629933106
40,1,5.0,22.0,0.5464775328826197,1929.2653073645513,1931.4648629933106
40,2,5.0,22.0,0.5826880390348123,895.0113451302094,1931.4648629933106
40,3,5.0,22.0,0.5460297369447251,1800.1550315396244,1931.4648629933106
40,4,7.0,27.0,0.6240496973110402,1690.4756624591369,1931.4648629933106
40,5,5.0,22.0,0.5468088346932483,1931.4648629933106,1931.4648629933106
40,6,5.0,22.0,0.546813552660989,1931.4648629933106,1931.4648629933106
40,7,5.0,22.0,0.5472694504752823,1931.4648629933106,1931.4648629933106
40,8,5.0,22.0,0.5468800195588568,1931.4648629933106,1931.4648629933106
40,9,5.0,22.0,0.5468682737044639,1931.4648629933106,1931.4648629933106
41,0,5.0,22.0,0.5467228375307364,1931.4648629933106,1931.4648629933106
41,1,5.0,22.0,0.5472651411642763,1931.4648629933106,1931.4648629933106
41,2,4.0,22.0,0.5231421040925399,1070.774188860347,1931.4648629933106
41,3,5.0,22.0,0.5471055396555978,1931.4648629933106,1931.4648629933106
41,4,6.0,27.0,0.5943821947599846,1657.4865063739906,1931.4648629933106
41,5,5.0,22.0,0.5470291651793182,1931.4648629933106,1931.4648629933106
41,6,5.0,22.0,0.546744693958498,1931.4648629933106,1931.4648629933106
41,7,5.0,22.0,0.5469245918519161,1931.4648629933106,1931.4648629933106
41,8,5.0,22.0,0.5468635706608571,1931.4648629933106,1931.4648629933106
41,9,5.0,22.0,0.5468419607332886,1931.4648629933106,1931.4648629933106
42,0,5.0,22.0,0.5465327508039325,1929.2653073645513,1931.4648629933106
42,1,5.0,22.0,0.5468906600777503,1931.4648629933106,1931.4648629933106
42,2,5.0,22.0,0.5322125337970004,1403.8542373202745,1931.4648629933106
42,3,5.0,22.0,0.5476614624039681,1768.6756114365148,1931.4648629933106
42,4,7.0,25.0,0.5944108620189483,1234.198594076349,1931.4648629933106
42,5,5.0,22.0,0.5471624226457663,1931.4648629933106,1931.4648629933106
42,6,5.0,22.0,0.5468690364879895,1931.4648629933106,1931.4648629933106
42,7,5.0,22.0,0.5468154084730624,1931.4648629933106,1931.4648629933106
42,8,5.0,22.0,0.546858629803578,1931.4648629933106,1931.4648629933106
42,9,5.0,22.0,0.5468328850092767,1931.4648629933106,1931.4648629933106
43,0,5.0,22.0,0.5467885598052464,1931.4648629933106,1931.4648629933106
43,1,5.0,22.0,0.5464951182646373,1929.2653073645513,1931.4648629933106
43,2,8.0,22.0,0.6824828099810856,1404.607214159065,1931.4648629933106
43,3,5.0,22.0,0.5464355102220779,1929.2653073645513,1931.4648629933106
43,4,5.0,21.0,0.5360536062464768,1596.1201843278457,1931.4648629933106
43,5,5.0,22.0,0.5469446799919812,1931.4648629933106,1931.4648629933106
43,6,5.0,22.0,0.5468431053383807,1931.4648629933106,1931.4648629933106
43,7,5.0,22.0,0.5470009982479125,1931.4648629933106,1931.4648629933106
43,8,5.0,22.0,0.5468513599945712,1931.4648629933106,1931.4648629933106
43,9,5.0,22.0,0.5468411995352069,1931.4648629933106,1931.4648629933106
44,0,5.0,22.0,0.5468190570790294,1931.4648629933106,1931.4648629933106
44,1,5.0,22.0,0.5466478006594149,1931.4648629933106,1931.4648629933106
44,2,6.0,22.0,0.6247355111477609,937.1844680458383,1931.4648629933106
44,3,5.0,22.0,0.5461621586406226,1920.538890595467,1931.4648629933106
44,4,4.0,22.0,0.5433702047356423,976.9515230621371,1931.4648629933106
44,5,5.0,22.0,0.5470129358154202,1931.4648629933106,1931.4648629933106
44,6,5.0,22.0,0.5467924335456225,1931.4648629933106,1931.4648629933106
44,7,5.0,22.0,0.5471181994239191,1931.4648629933106,1931.4648629933106
44,8,5.0,22.0,0.5468623792810489,1931.4648629933106,1931.4648629933106
44,9,5.0,22.0,0.546851630609965,1931.4648629933106,1931.4648629933106
45,0,5.0,22.0,0.5466600180327851,1931.4648629933106,1931.4648629933106
45,1,5.0,22.0,0.54690544084141,1931.4648629933106,1931.4648629933106
45,2,6.0,22.0,0.6161717240683239,943.4591974467032,1931.4648629933106
45,3,5.0,22.0,0.5483767766520888,1621.897025844996,1931.4648629933106
45,4,7.0,27.0,0.6152601022307378,1835.1266269435343,1931.4648629933106
45,5,5.0,22.0,0.5470166378817545,1931.4648629933106,1931.4648629933106
45,6,5.0,22.0,0.5468006712665701,1931.4648629933106,1931.4648629933106
45,7,5.0,22.0,0.5472681695492144,1931.4648629933106,1931.4648629933106
45,8,5.0,22.0,0.5468662972262339,1931.4648629933106,1931.4648629933106
45,9,5.0,22.0,0.5468405590569895,1931.4648629933106,1931.4648629933106
46,0,5.0,22.0,0.5465913053890742,1931.4648629933106,1931.4648629933106
46,1,5.0,22.0,0.5469016713087771,1931.4648629933106,1931.4648629933106
46,2,6.0,22.0,0.5675413006772159,653.5325692860132,1931.4648629933106
46,3,5.0,22.0,0.5481399242943414,1621.897025844996,1931.4648629933106
46,4,8.0,29.0,0.6418456163106006,1336.7265660628839,1931.4648629933106
46,5,5.0,22.0,0.5472033696367608,1931.4648629933106,1931.4648629933106
46,6,5.0,22.0,0.5468295584790992,1931.4648629933106,1931.4648629933106
46,7,5.0,22.0,0.5469788485034521,1931.4648629933106,1931.4648629933106
46,8,5.0,22.0,0.5468529697748225,1931.4648629933106,1931.4648629933106
46,9,5.0,22.0,0.5468423514958408,1931.4648629933106,1931.4648629933106
47,0,5.0,22.0,0.5467236008684229,1931.4648629933106,1931.4648629933106
47,1,5.0,22.0,0.5466633493357502,1931.4648629933106,1931.4648629933106
47,2,9.0,22.0,0.7581530672973111,1481.1070144154708,1931.4648629933106
47,3,5.0,22.0,0.5455140217749661,1800.1550315396244,1931.4648629933106
47,4,7.0,27.0,0.6216542534036076,1698.110892414956,1931.4648629933106
47,5,5.0,22.0,0.5470887934819642,1931.4648629933106,1931.4648629933106
47,6,5.0,22.0,0.5468527693568034,1931.4648629933106,1931.4648629933106
47,7,5.0,22.0,0.5468884068044001,1931.4648629933106,1931.4648629933106
47,8,5.0,22.0,0.5468860690709154,1931.4648629933106,1931.4648629933106
47,9,5.0,22.0,0.5468460918167865,1931.4648629933106,1931.4648629933106
48,0,5.0,22.0,0.5468395584462711,1931.4648629933106,1931.4648629933106
48,1,5.0,22.0,0.5466292677084259,1931.4648629933106,1931.4648629933106
48,2,4.0,22.0,0.5276863867689423,842.7729729096159,1931.4648629933106
48,3,5.0,22.0,0.5470881527451594,1931.4648629933106,1931.4648629933106
48,4,6.0,23.0,0.5662558869749331,646.2476685751136,1931.4648629933106
48,5,5.0,22.0,0.5471133723136523,1931.4648629933106,1931.4648629933106
48,6,5.0,22.0,0.5468274142513971,1931.4648629933106,1931.4648629933106
48,7,5.0,22.0,0.5471106395159737,1931.4648629933106,1931.4648629933106
48,8,5.0,22.0,0.54687606556134,1931.4648629933106,1931.4648629933106
48,9,5.0,22.0,0.5468470825203887,1931.4648629933106,1931.4648629933106
49,0,5.0,22.0,0.546837210563517,1931.4648629933106,1931.4648629933106
49,1,5.0,22.0,0.5468802985130895,1931.4648629933106,1931.4648629933106
49,2,6.0,22.0,0.5919878856373005,696.5360692862631,1931.4648629933106
49,3,5.0,22.0,0.5477523969710646,1768.6756114365148,1931.4648629933106
49,4,6.0,25.0,0.578071510644007,1146.1260447781333,1931.4648629933106
49,5,5.0,22.0,0.5469358431819968,1931.4648629933106,1931.4648629933106
49,6,5.0,22.0,0.5468178211927701,1931.4648629933106,1931.4648629933106
49,7,5.0,22.0,0.5468993021974146,1931.4648629933106,1931.4648629933106
49,8,5.0,22.0,0.5468485817544702,1931.4648629933106,1931.4648629933106
49,9,5.0,22.0,0.5468432523171617,1931.4648629933106,1931.4648629933106
50,0,5.0,22.0,0.5465969169820809,1931.4648629933106,1931.4648629933106
50,1,5.0,22.0,0.5469222988203475,1931.4648629933106,1931.4648629933106
50,2,8.0,22.0,0.6863284699850338,1482.9603580282885,1931.4648629933106
50,3,5.0,22.0,0.5467771536036926,1931.4648629933106,1931.4648629933106
50,4,6.0,24.0,0.5799265093268808,1230.3570756109493,1931.4648629933106
50,5,5.0,22.0,0.5469504487230153,1931.4648629933106,1931.4648629933106
50,6,5.0,22.0,0.5468478875269335,1931.4648629933106,1931.4648629933106
50,7,5.0,22.0,0.5471504121071981,1931.4648629933106,1931.4648629933106
50,8,5.0,22.0,0.5468703261784903,1931.4648629933106,1931.4648629933106
50,9,5.0,22.0,0.5468425051471096,1931.4648629933106,1931.4648629933106
51,0,5.0,22.0,0.5466945818535509,1931.4648629933106,1931.4648629933106
51,1,5.0,22.0,0.5468570250005721,1931.4648629933106,1931.4648629933106
51,2,7.0,22.0,0.674246647961266,1521.834333502243,1931.4648629933106
51,3,5.0,22.0,0.5469984741359185,1931.4648629933106,1931.4648629933106
51,4,5.0,23.0,0.57103086861392,937.4811767273875,1931.4648629933106
51,5,5.0,22.0,0.5471426692825312,1931.4648629933106,1931.4648629933106
51,6,5.0,22.0,0.5467316872443697,1931.4648629933106,1931.4648629933106
51,7,5.0,22.0,0.5470879865244099,1931.4648629933106,1931.4648629933106
51,8,5.0,22.0,0.5468882484608549,1931.4648629933106,1931.4648629933106
51,9,5.0,22.0,0.5468494187763137,1931.4648629933106,1931.4648629933106
52,0,5.0,22.0,0.546862961723301,1931.4648629933106,1931.4648629933106
52,1,5.0,22.0,0.5467207113379425,1931.4648629933106,1931.4648629933106
52,2,5.0,22.0,0.5580155012018484,1558.484165016855,1931.4648629933106
52,3,5.0,22.0,0.5469451963779797,1931.4648629933106,1931.4648629933106
52,4,8.0,27.0,0.6077963182799467,1607.9504138424063,1931.4648629933106
52,5,5.0,22.0,0.5470984173203627,1931.4648629933106,1931.4648629933106
52,6,5.0,22.0,0.5467033798214143,1931.4648629933106,1931.4648629933106
52,7,5.0,22.0,0.5469870038488147,1931.4648629933106,1931.4648629933106
52,8,5.0,22.0,0.5468519476584742,1931.4648629933106,1931.4648629933106
52,9,5.0,22.0,0.5468516929008539,1931.4648629933106,1931.4648629933106
53,0,5.0,22.0,0.5467309896563698,1931.4648629933106,1931.4648629933106
53,1,5.0,22.0,0.5467141874532796,1931.4648629933106,1931.4648629933106
53,2,6.0,22.0,0.6105714761973252,905.6046144866314,1931.4648629933106
53,3,5.0,22.0,0.5470214679599003,1931.4648629933106,1931.4648629933106
53,4,5.0,23.0,0.5627032948426907,1630.5610234634523,1931.4648629933106
53,5,5.0,22.0,0.5471520738581048,1931.4648629933106,1931.4648629933106
53,6,5.0,22.0,0.5468888126650706,1931.4648629933106,1931.4648629933106
53,7,5.0,22.0,0.5468220113563684,1931.4648629933106,1931.4648629933106
53,8,5.0,22.0,0.5468705891236679,1931.4648629933106,1931.4648629933106
53,9,5.0,22.0,0.5468417722919795,1931.4648629933106,1931.4648629933106
54,0,5.0,22.0,0.5465303201900225,1929.2653073645513,1931.4648629933106
54,1,5.0,22.0,0.5467674770119364,1931.4648629933106,1931.4648629933106
54,2,8.0,22.0,0.687766506720813,1482.9603580282885,1931.4648629933106
54,3,5.0,22.0,0.5469354637176015,1931.4648629933106,1931.4648629933106
54,4,6.0,25.0,0.5957165202134062,1174.1379335127833,1931.4648629933106
54,5,5.0,22.0,0.5468764363757636,1931.4648629933106,1931.4648629933106
54,6,5.0,22.0,0.546824534948928,1931.4648629933106,1931.4648629933106
54,7,5.0,22.0,0.5468300259253613,1931.4648629933106,1931.4648629933106
54,8,5.0,22.0,0.5469053357368527,1931.4648629933106,1931.4648629933106
54,9,5.0,22.0,0.5468379580809418,1931.4648629933106,1931.4648629933106
55,0,5.0,22.0,0.5467097525892012,1931.4648629933106,1931.4648629933106
55,1,5.0,22.0,0.5468680352516707,1931.4648629933106,1931.4648629933106
55,2,7.0,22.0,0.6618218115246528,1461.2327934830826,1931.4648629933106
55,3,5.0,22.0,0.5471961780366478,1931.4648629933106,1931.4648629933106
55,4,6.0,24.0,0.564134677001765,930.657789104568,1931.4648629933106
55,5,5.0,22.0,0.547128578779052,1931.4648629933106,1931.4648629933106
55,6,5.0,22.0,0.5467812545022914,1931.4648629933106,1931.4648629933106
55,7,5.0,22.0,0.5473755891254873,1768.6756114365148,1931.4648629933106
55,8,5.0,22.0,0.5468966490677967,1931.4648629933106,1931.4648629933106
55,9,5.0,22.0,0.5468446741652645,1931.4648629933106,1931.4648629933106
56,0,5.0,22.0,0.5467781174536868,1931.4648629933106,1931.4648629933106
56,1,5.0,22.0,0.5468578365032384,1931.4648629933106,1931.4648629933106
56,2,5.0,22.0,0.5811321608548398,970.3413785424603,1931.4648629933106
56,3,5.0,22.0,0.5471085734785455,1931.4648629933106,1931.4648629933106
56,4,6.0,23.0,0.5663339821944554,646.2476685751136,1931.4648629933106
56,5,5.0,22.0,0.546945027285636,1931.4648629933106,1931.4648629933106
56,6,5.0,22.0,0.5468196723513374,1931.4648629933106,1931.4648629933106
56,7,5.0,22.0,0.5472763222527395,1931.4648629933106,1931.4648629933106
56,8,5.0,22.0,0.5468462646748454,1931.4648629933106,1931.4648629933106
56,9,5.0,22.0,0.5468489202509377,1931.4648629933106,1931.4648629933106
57,0,5.0,22.0,0.5467472060590991,1931.4648629933106,1931.4648629933106
57,1,5.0,22.0,0.5467207649383653,1931.4648629933106,1931.4648629933106
57,2,8.0,22.0,0.6686535102905703,1561.6813871704414,1931.4648629933106
57,3,5.0,22.0,0.5467989237679854,1931.4648629933106,1931.4648629933106
57,4,6.0,25.0,0.5863046283237954,1215.6951852091343,1931.4648629933106
57,5,5.0,22.0,0.5468228689556994,1931.4648629933106,1931.4648629933106
57,6,5.0,22.0,0.5468195367251282,1931.4648629933106,1931.4648629933106
57,7,5.0,22.0,0.5470460277146746,1931.4648629933106,1931.4648629933106
57,8,5.0,22.0,0.5468257057008615,1931.4648629933106,1931.4648629933106
57,9,5.0,22.0,0.5468466281431793,1931.4648629933106,1931.4648629933106
58,0,5.0,22.0,0.5466731691306933,1931.4648629933106,1931.4648629933106
58,1,5.0,22.0,0.5467500098412671,1931.4648629933106,1931.4648629933106
58,2,8.0,22.0,0.6623962078932453,1267.419019777144,1931.4648629933106
58,3,5.0,22.0,0.5468198915192678,1931.4648629933106,1931.4648629933106
58,4,5.0,24.0,0.5756826678682213,1076.2296029723866,1931.4648629933106
58,5,5.0,22.0,0.5472142458606304,1931.4648629933106,1931.4648629933106
58,6,5.0,22.0,0.5467620405984746,1931.4648629933106,1931.4648629933106
58,7,5.0,22.0,0.5470721956177066,1931.4648629933106,1931.4648629933106
58,8,5.0,22.0,0.5468436378973738,1931.4648629933106,1931.4648629933106
58,9,5.0,22.0,0.5468433433806784,1931.4648629933106,1931.4648629933106
59,0,5.0,22.0,0.5468455408298761,1931.4648629933106,1931.4648629933106
59,1,5.0,22.0,0.5467718855566036,1931.4648629933106,1931.4648629933106
59,2,5.0,22.0,0.5798916630627817,1008.1044363876429,1931.4648629933106
59,3,5.0,22.0,0.547055729846899,1931.4648629933106,1931.4648629933106
59,4,6.0,25.0,0.587691921387113,1220.7075762105846,1931.4648629933106
59,5,5.0,22.0,0.5472995500115424,1931.4648629933106,1931.4648629933106
59,6,5.0,22.0,0.5467583314690159,1931.4648629933106,1931.4648629933106
59,7,5.0,22.0,0.5470638634384667,1931.4648629933106,1931.4648629933106
59,8,5.0,22.0,0.5468683481669699,1931.4648629933106,1931.4648629933106
59,9,5.0,22.0,0.5468457551145512,1931.4648629933106,1931.4648629933106
60,0,5.0,22.0,0.5466726126040359,1931.4648629933106,1931.4648629933106
60,1,5.0,22.0,0.5467863628121333,1931.4648629933106,1931.4648629933106
60,2,5.0,22.0,0.5955174598687901,766.2973308469433,1931.4648629933106
60,3,5.0,22.0,0.5472138459489929,1931.4648629933106,1931.4648629933106
60,4,6.0,23.0,0.5684861093074368,639.2592721469358,1931.4648629933106
60,5,5.0,22.0,0.5468613222152183,1931.4648629933106,1931.4648629933106
60,6,5.0,22.0,0.5468535374485298,1931.4648629933106,1931.4648629933106
60,7,5.0,22.0,0.5469930522920216,1931.4648629933106,1931.4648629933106
60,8,5.0,22.0,0.546894257033782,1931.4648629933106,1931.4648629933106
60,9,5.0,22.0,0.5468460653053215,1931.4648629933106,1931.4648629933106
61,0,5.0,22.0,0.5467529442590556,1931.4648629933106,1931.4648629933106
61,1,5.0,22.0,0.5467786723194689,1931.4648629933106,1931.4648629933106
61,2,7.0,22.0,0.618772846981789,1460.4879506988887,1931.4648629933106
61,3,5.0,22.0,0.5469015002533714,1931.4648629933106,1931.4648629933106
61,4,5.0,22.0,0.5484010600013933,1621.897025844996,1931.4648629933106
61,5,5.0,22.0,0.5469093982263923,1931.4648629933106,1931.4648629933106
61,6,5.0,22.0,0.5467641964324806,1931.4648629933106,1931.4648629933106
61,7,5.0,22.0,0.5471769957839352,1931.4648629933106,1931.4648629933106
61,8,5.0,22.0,0.5468663662533951,1931.4648629933106,1931.4648629933106
61,9,5.0,22.0,0.5468442994442163,1931.4648629933106,1931.4648629933106
62,0,5.0,22.0,0.5468444026587429,1931.4648629933106,1931.4648629933106
62,1,5.0,22.0,0.5468371294270891,1931.4648629933106,1931.4648629933106
62,2,8.0,22.0,0.6603003971630679,1267.419019777144,1931.4648629933106
62,3,5.0,22.0,0.5471337220788655,1931.4648629933106,1931.4648629933106
62,4,6.0,25.0,0.5882410667662653,1235.6480368527243,1931.4648629933106
62,5,5.0,22.0,0.5470576780897554,1931.4648629933106,1931.4648629933106
62,6,5.0,22.0,0.546714755693676,1931.4648629933106,1931.4648629933106
62,7,5.0,22.0,0.546812736745124,1931.4648629933106,1931.4648629933106
62,8,5.0,22.0,0.5468314564637317,1931.4648629933106,1931.4648629933106
62,9,5.0,22.0,0.5468440683040648,1931.4648629933106,1931.4648629933106
63,0,5.0,22.0,0.5467522456657162,1931.4648629933106,1931.4648629933106
63,1,5.0,22.0,0.5468455452864598,1931.4648629933106,1931.4648629933106
63,2,9.0,22.0,0.7116191918675486,1594.843153943607,1931.4648629933106
63,3,5.0,22.0,0.547020504380901,1931.4648629933106,1931.4648629933106
63,4,7.0,26.0,0.5999624471116384,1348.4336563519655,1931.4648629933106
63,5,5.0,22.0,0.5471199106726782,1931.4648629933106,1931.4648629933106
63,6,5.0,22.0,0.5469137656492035,1931.4648629933106,1931.4648629933106
63,7,5.0,22.0,0.5470924232385187,1931.4648629933106,1931.4648629933106
63,8,5.0,22.0,0.5469007100575354,1931.4648629933106,1931.4648629933106
63,9,5.0,22.0,0.5468466018642216,1931.4648629933106,1931.4648629933106
64,0,5.0,22.0,0.5465731461605696,1931.4648629933106,1931.4648629933106
64,1,5.0,22.0,0.546837430028148,1931.4648629933106,1931.4648629933106
64,2,7.0,22.0,0.6586641839032796,1461.2327934830826,1931.4648629933106
64,3,5.0,22.0,0.5471196888012844,1931.4648629933106,1931.4648629933106
64,4,6.0,25.0,0.5868796333125244,1220.7075762105846,1931.4648629933106
64,5,5.0,22.0,0.547205577509572,1931.4648629933106,1931.4648629933106
64,6,5.0,22.0,0.5467211078983969,1931.4648629933106,1931.4648629933106
64,7,5.0,22.0,0.5472308482654316,1931.4648629933106,1931.4648629933106
64,8,5.0,22.0,0.5468949362214617,1931.4648629933106,1931.4648629933106
64,9,5.0,22.0,0.546844306811874,1931.4648629933106,1931.4648629933106
65,0,5.0,22.0,0.5468473507891326,1931.4648629933106,1931.4648629933106
65,1,5.0,22.0,0.546728634507732,1931.4648629933106,1931.4648629933106
65,2,6.0,22.0,0.614571241241775,1004.173227409157,1931.4648629933106
65,3,5.0,22.0,0.5468703686234498,1931.4648629933106,1931.4648629933106
65,4,7.0,27.0,0.6202307635671687,1811.96031055889,1931.4648629933106
65,5,5.0,22.0,0.546912655861404,1931.4648629933106,1931.4648629933106
65,6,5.0,22.0,0.5468425741098389,1931.4648629933106,1931.4648629933106
65,7,5.0,22.0,0.5472626565792141,1931.4648629933106,1931.4648629933106
65,8,5.0,22.0,0.546820576067177,1931.4648629933106,1931.4648629933106
65,9,5.0,22.0,0.5468443216166772,1931.4648629933106,1931.4648629933106
66,0,5.0,22.0,0.5468922018382425,1931.4648629933106,1931.4648629933106
66,1,5.0,22.0,0.5467694740834373,1931.4648629933106,1931.4648629933106
66,2,5.0,22.0,0.5427737309215447,1837.2228601238041,1931.4648629933106
66,3,5.0,22.0,0.5469105089478553,1931.4648629933106,1931.4648629933106
66,4,7.0,26.0,0.6103917106942186,1429.6843475867738,1931.4648629933106
66,5,5.0,22.0,0.5468661200889238,1931.4648629933106,1931.4648629933106
66,6,5.0,22.0,0.5468324170516304,1931.4648629933106,1931.4648629933106
66,7,5.0,22.0,0.5468437965587764,1931.4648629933106,1931.4648629933106
66,8,5.0,22.0,0.5468042968244344,1931.4648629933106,1931.4648629933106
66,9,5.0,22.0,0.5468456433432513,1931.4648629933106,1931.4648629933106
67,0,5.0,22.0,0.5465104850784165,1929.2653073645513,1931.4648629933106
67,1,5.0,22.0,0.5468740628169979,1931.4648629933106,1931.4648629933106
67,2,4.0,22.0,0.511244581678563,958.9173284010049,1931.4648629933106
67,3,5.0,22.0,0.5471103703885752,1931.4648629933106,1931.4648629933106
67,4,4.0,22.0,0.5333853986181829,996.5217959222962,1931.4648629933106
67,5,5.0,22.0,0.5470239750119507,1931.4648629933106,1931.4648629933106
67,6,5.0,22.0,0.5467620922416982,1931.4648629933106,1931.4648629933106
67,7,5.0,22.0,0.5468172999328459,1931.4648629933106,1931.4648629933106
67,8,5.0,22.0,0.5468753559452086,1931.4648629933106,1931.4648629933106
67,9,5.0,22.0,0.5468449857604919,1931.4648629933106,1931.4648629933106
68,0,5.0,22.0,0.5465406542254835,1931.4648629933106,1931.4648629933106
68,1,5.0,22.0,0.54672020865369,1931.4648629933106,1931.4648629933106
68,2,5.0,22.0,0.5422104640440081,1837.2228601238041,1931.4648629933106
68,3,5.0,22.0,0.5471122297558885,1931.4648629933106,1931.4648629933106
68,4,7.0,27.0,0.6153602456943666,1835.1266269435343,1931.4648629933106
68,5,5.0,22.0,0.547104164617192,1931.4648629933106,1931.4648629933106
68,6,5.0,22.0,0.5468195297311289,1931.4648629933106,1931.4648629933106
68,7,5.0,22.0,0.5472011105114318,1931.4648629933106,1931.4648629933106
68,8,5.0,22.0,0.5468785950604823,1931.4648629933106,1931.4648629933106
68,9,5.0,22.0,0.5468448396489664,1931.4648629933106,1931.4648629933106
69,0,5.0,22.0,0.5468127561290296,1931.4648629933106,1931.4648629933106
69,1,5.0,22.0,0.5467517174295374,1931.4648629933106,1931.4648629933106
69,2,6.0,22.0,0.5636921446757066,739.1779992893347,1931.4648629933106
69,3,5.0,22.0,0.5467767506747078,1931.4648629933106,1931.4648629933106
69,4,7.0,26.0,0.6107618560621334,1429.6843475867738,1931.4648629933106
69,5,5.0,22.0,0.5471847923400633,1931.4648629933106,1931.4648629933106
69,6,5.0,22.0,0.5468150433769517,1931.4648629933106,1931.4648629933106
69,7,5.0,22.0,0.5472681355326698,1931.4648629933106,1931.4648629933106
69,8,5.0,22.0,0.5468929222629091,1931.4648629933106,1931.4648629933106
69,9,5.0,22.0,0.5468450830103023,1931.4648629933106,1931.4648629933106
70,0,5.0,22.0,0.5467541715749159,1931.4648629933106,1931.4648629933106
70,1,5.0,22.0,0.5468188157040264,1931.4648629933106,1931.4648629933106
70,2,6.0,22.0,0.5694374862405104,719.612201513396,1931.4648629933106
70,3,5.0,22.0,0.5470870558500227,1931.4648629933106,1931.4648629933106
70,4,6.0,26.0,0.5984091823742886,1463.7464154710547,1931.4648629933106
70,5,5.0,22.0,0.5469282442502679,1931.4648629933106,1931.4648629933106
70,6,5.0,22.0,0.546831054880773,1931.4648629933106,1931.4648629933106
70,7,5.0,22.0,0.547203782437055,1931.4648629933106,1931.4648629933106
70,8,5.0,22.0,0.5468351871328851,1931.4648629933106,1931.4648629933106
70,9,5.0,22.0,0.5468452482862554,1931.4648629933106,1931.4648629933106
71,0,5.0,22.0,0.5467008254687646,1931.4648629933106,1931.4648629933106
71,1,5.0,22.0,0.5467932936313302,1931.4648629933106,1931.4648629933106
71,2,3.0,22.0,0.5085249745395211,629.3015705391927,1931.4648629933106
71,3,5.0,22.0,0.54736673101414,1768.6756114365148,1931.4648629933106
71,4,6.0,25.0,0.5854214397661347,1215.6951852091343,1931.4648629933106
71,5,5.0,22.0,0.5469148138849941,1931.4648629933106,1931.4648629933106
71,6,5.0,22.0,0.546816725367278,1931.4648629933106,1931.4648629933106
71,7,5.0,22.0,0.5471133701058669,1931.4648629933106,1931.4648629933106
71,8,5.0,22.0,0.5468496087422476,1931.4648629933106,1931.4648629933106
71,9,5.0,22.0,0.5468450344769061,1931.4648629933106,1931.4648629933106
72,0,5.0,22.0,0.5466166672802376,1931.4648629933106,1931.4648629933106
72,1,5.0,22.0,0.5467835365970809,1931.4648629933106,1931.4648629933106
72,2,6.0,22.0,0.5599764892959288,796.2774961779347,1931.4648629933106
72,3,5.0,22.0,0.5467811354248507,1931.4648629933106,1931.4648629933106
72,4,7.0,25.0,0.5987036416610166,1214.3571829563105,1931.4648629933106
72,5,5.0,22.0,0.5469735533442401,1931.4648629933106,1931.4648629933106
72,6,5.0,22.0,0.5468289513436776,1931.4648629933106,1931.4648629933106
72,7,5.0,22.0,0.5470814867837109,1931.4648629933106,1931.4648629933106
72,8,5.0,22.0,0.5468825909084392,1931.4648629933106,1931.4648629933106
72,9,5.0,22.0,0.5468451181248274,1931.4648629933106,1931.4648629933106
73,0,5.0,22.0,0.5465839820073676,1931.4648629933106,1931.4648629933106
73,1,5.0,22.0,0.5468375903734098,1931.4648629933106,1931.4648629933106
73,2,7.0,22.0,0.5777497593147257,1106.4211507317646,1931.4648629933106
73,3,5.0,22.0,0.5468894435883543,1931.4648629933106,1931.4648629933106
73,4,5.0,24.0,0.5568769468793994,1514.5016342616398,1931.4648629933106
73,5,5.0,22.0,0.5469184355439797,1931.4648629933106,1931.4648629933106
73,6,5.0,22.0,0.546834834539306,1931.4648629933106,1931.4648629933106
73,7,5.0,22.0,0.5468756518367013,1931.4648629933106,1931.4648629933106
73,8,5.0,22.0,0.5468829451109998,1931.4648629933106,1931.4648629933106
73,9,5.0,22.0,0.5468451577440822,1931.4648629933106,1931.4648629933106
74,0,5.0,22.0,0.5469599958068327,1931.4648629933106,1931.4648629933106
74,1,5.0,22.0,0.546832781219089,1931.4648629933106,1931.4648629933106
74,2,4.0,22.0,0.5298274986185282,886.3628205463244,1931.4648629933106
74,3,5.0,22.0,0.5472521678247808,1931.4648629933106,1931.4648629933106
74,4,7.0,25.0,0.6088347161939367,1001.1903489783123,1931.4648629933106
74,5,5.0,22.0,0.5469101614827686,1931.4648629933106,1931.4648629933106
74,6,5.0,22.0,0.5467336758227803,1931.4648629933106,1931.4648629933106
74,7,5.0,22.0,0.5471271169527778,1931.4648629933106,1931.4648629933106
74,8,5.0,22.0,0.5468743831623071,1931.4648629933106,1931.4648629933106
74,9,5.0,22.0,0.5468451056539811,1931.4648629933106,1931.4648629933106
75,0,5.0,22.0,0.5467804315597155,1931.4648629933106,1931.4648629933106
75,1,5.0,22.0,0.5467660332554185,1931.4648629933106,1931.4648629933106
75,2,4.0,22.0,0.5291508780758508,886.3628205463244,1931.4648629933106
75,3,5.0,22.0,0.5469465188374125,1931.4648629933106,1931.4648629933106
75,4,6.0,26.0,0.5974923908206367,1463.7464154710547,1931.4648629933106
75,5,5.0,22.0,0.5471119949724004,1931.4648629933106,1931.4648629933106
75,6,5.0,22.0,0.546814538299457,1931.4648629933106,1931.4648629933106
75,7,5.0,22.0,0.5469681402541561,1931.4648629933106,1931.4648629933106
75,8,5.0,22.0,0.5468681297406384,1931.4648629933106,1931.4648629933106
75,9,5.0,22.0,0.5468451033484466,1931.4648629933106,1931.4648629933106
76,0,5.0,22.0,0.5466423997814344,1931.4648629933106,1931.4648629933106
76,1,5.0,22.0,0.5467115414391787,1931.4648629933106,1931.4648629933106
76,2,7.0,22.0,0.5694668902708523,979.2016351170704,1931.4648629933106
76,3,5.0,22.0,0.5469640811837607,1931.4648629933106,1931.4648629933106
76,4,6.0,24.0,0.5634606198992836,940.8317605315153,1931.4648629933106
76,5,5.0,22.0,0.5469297067332514,1931.4648629933106,1931.4648629933106
76,6,5.0,22.0,0.5467989260599503,1931.4648629933106,1931.4648629933106
76,7,5.0,22.0,0.5469228015240798,1931.4648629933106,1931.4648629933106
76,8,5.0,22.0,0.5468918202320102,1931.4648629933106,1931.4648629933106
76,9,5.0,22.0,0.5468451300339912,1931.4648629933106,1931.4648629933106
77,0,5.0,22.0,0.5465839014663131,1931.4648629933106,1931.4648629933106
77,1,5.0,22.0,0.5468607037339226,1931.4648629933106,1931.4648629933106
77,2,4.0,22.0,0.5341313855507854,1093.812893110768,1931.4648629933106
77,3,5.0,22.0,0.5473349459793238,1931.4648629933106,1931.4648629933106
77,4,6.0,24.0,0.5817673094428142,1210.577422094234,1931.4648629933106
77,5,5.0,22.0,0.5469530222691611,1931.4648629933106,1931.4648629933106
77,6,5.0,22.0,0.5467834825693553,1931.4648629933106,1931.4648629933106
77,7,5.0,22.0,0.5471897648588049,1931.4648629933106,1931.4648629933106
77,8,5.0,22.0,0.5468624857789779,1931.4648629933106,1931.4648629933106
77,9,5.0,22.0,0.546845128787021,1931.4648629933106,1931.4648629933106
78,0,5.0,22.0,0.5465976660291403,1931.4648629933106,1931.4648629933106
78,1,5.0,22.0,0.546759055203359,1931.4648629933106,1931.4648629933106
78,2,4.0,22.0,0.5277672797169258,842.7729729096159,1931.4648629933106
78,3,5.0,22.0,0.5466559412481232,1931.4648629933106,1931.4648629933106
78,4,5.0,23.0,0.5709446933667558,940.2574201684517,1931.4648629933106
78,5,5.0,22.0,0.5471543688818562,1931.4648629933106,1931.4648629933106
78,6,5.0,22.0,0.5467637750017929,1931.4648629933106,1931.4648629933106
78,7,5.0,22.0,0.5469320727084664,1931.4648629933106,1931.4648629933106
78,8,5.0,22.0,0.5468569450901805,1931.4648629933106,1931.4648629933106
78,9,5.0,22.0,0.5468451088119168,1931.4648629933106,1931.4648629933106
79,0,5.0,22.0,0.5466597293874627,1931.4648629933106,1931.4648629933106
79,1,5.0,22.0,0.5467040319641213,1931.4648629933106,1931.4648629933106
79,2,5.0,22.0,0.5365137645843084,1666.7557007094592,1931.4648629933106
79,3,5.0,22.0,0.5464324876208367,1929.2653073645513,1931.4648629933106
79,4,6.0,24.0,0.5817778489338135,1210.577422094234,1931.4648629933106
79,5,5.0,22.0,0.5471864999217778,1931.4648629933106,1931.4648629933106
79,6,5.0,22.0,0.5467956048070219,1931.4648629933106,1931.4648629933106
79,7,5.0,22.0,0.5469407526274158,1931.4648629933106,1931.4648629933106
79,8,5.0,22.0,0.5468927189305158,1931.4648629933106,1931.4648629933106
79,9,5.0,22.0,0.5468451175279588,1931.4648629933106,1931.4648629933106
80,0,5.0,22.0,0.5468554666632451,1931.4648629933106,1931.4648629933106
80,1,5.0,22.0,0.546745842033081,1931.4648629933106,1931.4648629933106
80,2,5.0,22.0,0.5615713107099837,1233.6755922192344,1931.4648629933106
80,3,5.0,22.0,0.5474345858990819,1768.6756114365148,1931.4648629933106
80,4,6.0,26.0,0.5915921540971961,1642.523452402369,1931.4648629933106
80,5,5.0,22.0,0.5469266261849177,1931.4648629933106,1931.4648629933106
80,6,5.0,22.0,0.546773611053753,1931.4648629933106,1931.4648629933106
80,7,5.0,22.0,0.5472962236913553,1931.4648629933106,1931.4648629933106
80,8,5.0,22.0,0.5468950780494959,1931.4648629933106,1931.4648629933106
80,9,5.0,22.0,0.5468451189625603,1931.4648629933106,1931.4648629933106
81,0,5.0,22.0,0.5466298578174464,1931.4648629933106,1931.4648629933106
81,1,5.0,22.0,0.5467638206126937,1931.4648629933106,1931.4648629933106
81,2,5.0,22.0,0.551803683822591,1590.0501645768586,1931.4648629933106
81,3,5.0,22.0,0.5476301349929016,1768.6756114365148,1931.4648629933106
81,4,6.0,25.0,0.582554874536737,1158.8934427119666,1931.4648629933106
81,5,5.0,22.0,0.5469341419311474,1931.4648629933106,1931.4648629933106
81,6,5.0,22.0,0.5468068777433552,1931.4648629933106,1931.4648629933106
81,7,5.0,22.0,0.547280635781609,1931.4648629933106,1931.4648629933106
81,8,5.0,22.0,0.5468748890742001,1931.4648629933106,1931.4648629933106
81,9,5.0,22.0,0.5468451160749582,1931.4648629933106,1931.4648629933106
82,0,5.0,22.0,0.5465681493937782,1931.4648629933106,1931.4648629933106
82,1,5.0,22.0,0.5468439927037283,1931.4648629933106,1931.4648629933106
82,2,5.0,22.0,0.5419425093479666,1834.2194562294148,1931.4648629933106
82,3,5.0,22.0,0.5466731406506641,1931.4648629933106,1931.4648629933106
82,4,5.0,21.0,0.545430669013227,1868.128102667443,1931.4648629933106
82,5,5.0,22.0,0.5468646156111587,1931.4648629933106,1931.4648629933106
82,6,5.0,22.0,0.5468324835485506,1931.4648629933106,1931.4648629933106
82,7,5.0,22.0,0.5469862522461633,1931.4648629933106,1931.4648629933106
82,8,5.0,22.0,0.5468433300736965,1931.4648629933106,1931.4648629933106
82,9,5.0,22.0,0.5468451147688422,1931.4648629933106,1931.4648629933106
83,0,5.0,22.0,0.5467094018600525,1931.4648629933106,1931.4648629933106
83,1,5.0,22.0,0.5467752338858398,1931.4648629933106,1931.4648629933106
83,2,5.0,22.0,0.5448255413354285,1930.8459019648467,1931.4648629933106
83,3,5.0,22.0,0.5468840712039453,1931.4648629933106,1931.4648629933106
83,4,5.0,19.0,0.5269055369510988,453.40906586112,1931.4648629933106
83,5,5.0,22.0,0.5472176708816796,1931.4648629933106,1931.4648629933106
83,6,5.0,22.0,0.5468375018843931,1931.4648629933106,1931.4648629933106
83,7,5.0,22.0,0.5470109318128967,1931.4648629933106,1931.4648629933106
83,8,5.0,22.0,0.5468730373676814,1931.4648629933106,1931.4648629933106
83,9,5.0,22.0,0.5468451180951441,1931.4648629933106,1931.4648629933106
84,0,5.0,22.0,0.5468743227289871,1931.4648629933106,1931.4648629933106
84,1,5.0,22.0,0.5467314839910853,1931.4648629933106,1931.4648629933106
84,2,5.0,22.0,0.5479380491188482,1621.897025844996,1931.4648629933106
84,3,5.0,22.0,0.547020447662735,1931.4648629933106,1931.4648629933106
84,4,5.0,25.0,0.5692879018707041,1266.2607146059188,1931.4648629933106
84,5,5.0,22.0,0.5469474801692952,1931.4648629933106,1931.4648629933106
84,6,5.0,22.0,0.5467489014770018,1931.4648629933106,1931.4648629933106
84,7,5.0,22.0,0.5469809574515524,1931.4648629933106,1931.4648629933106
84,8,5.0,22.0,0.5468834368643396,1931.4648629933106,1931.4648629933106
84,9,5.0,22.0,0.5468451179239279,1931.4648629933106,1931.4648629933106
85,0,5.0,22.0,0.546619122959751,1931.4648629933106,1931.4648629933106
85,1,5.0,22.0,0.5468290794664796,1931.4648629933106,1931.4648629933106
85,2,5.0,22.0,0.547981679828494,1621.897025844996,1931.4648629933106
85,3,5.0,22.0,0.5470202833114141,1931.4648629933106,1931.4648629933106
85,4,5.0,20.0,0.5382288715980177,998.3794334203379,1931.4648629933106
85,5,5.0,22.0,0.5467354473814499,1931.4648629933106,1931.4648629933106
85,6,5.0,22.0,0.5468434645876591,1931.4648629933106,1931.4648629933106
85,7,5.0,22.0,0.5468118934190291,1931.4648629933106,1931.4648629933106
85,8,5.0,22.0,0.5468900141148028,1931.4648629933106,1931.4648629933106
85,9,5.0,22.0,0.5468451171145677,1931.4648629933106,1931.4648629933106
86,0,5.0,22.0,0.5466861055360062,1931.4648629933106,1931.4648629933106
86,1,5.0,22.0,0.5468655140005241,1931.4648629933106,1931.4648629933106
86,2,5.0,22.0,0.5457476690559239,1800.1550315396244,1931.4648629933106
86,3,5.0,22.0,0.546892754679748,1931.4648629933106,1931.4648629933106
86,4,5.0,21.0,0.5414038029492033,1503.3901591771537,1931.4648629933106
86,5,5.0,22.0,0.5470611780902787,1931.4648629933106,1931.4648629933106
86,6,5.0,22.0,0.546868550313994,1931.4648629933106,1931.4648629933106
86,7,5.0,22.0,0.5473163601474098,1931.4648629933106,1931.4648629933106
86,8,5.0,22.0,0.5468431854139925,1931.4648629933106,1931.4648629933106
86,9,5.0,22.0,0.5468451151855708,1931.4648629933106,1931.4648629933106
87,0,5.0,22.0,0.5468519427411684,1931.4648629933106,1931.4648629933106
87,1,5.0,22.0,0.5467793182046539,1931.4648629933106,1931.4648629933106
87,2,5.0,22.0,0.5449347398332947,1930.8459019648467,1931.4648629933106
87,3,5.0,22.0,0.547300602673462,1931.4648629933106,1931.4648629933106
87,4,5.0,23.0,0.5536753939368991,1474.4792553001519,1931.4648629933106
87,5,5.0,22.0,0.5472656713574946,1931.4648629933106,1931.4648629933106
87,6,5.0,22.0,0.5467902675237356,1931.4648629933106,1931.4648629933106
87,7,5.0,22.0,0.5473599592396075,1768.6756114365148,1931.4648629933106
87,8,5.0,22.0,0.5468827168915009,1931.4648629933106,1931.4648629933106
87,9,5.0,22.0,0.5468451147479744,1931.4648629933106,1931.4648629933106
88,0,5.0,22.0,0.5466828412416612,1931.4648629933106,1931.4648629933106
88,1,5.0,22.0,0.5467666146729161,1931.4648629933106,1931.4648629933106
88,2,5.0,22.0,0.545530909572421,1800.1550315396244,1931.4648629933106
88,3,5.0,22.0,0.54724800044897,1931.4648629933106,1931.4648629933106
88,4,5.0,22.0,0.547199811678086,1931.4648629933106,1931.4648629933106
88,5,5.0,22.0,0.546812038686238,1931.4648629933106,1931.4648629933106
88,6,5.0,22.0,0.5467753302032134,1931.4648629933106,1931.4648629933106
88,7,5.0,22.0,0.5469147140659472,1931.4648629933106,1931.4648629933106
88,8,5.0,22.0,0.5468668811241157,1931.4648629933106,1931.4648629933106
88,9,5.0,22.0,0.5468451157415188,1931.4648629933106,1931.4648629933106
89,0,5.0,22.0,0.5466486588678243,1931.4648629933106,1931.4648629933106
89,1,5.0,22.0,0.5468164879164069,1931.4648629933106,1931.4648629933106
89,2,5.0,22.0,0.5460955163757797,1800.1550315396244,1931.4648629933106
89,3,5.0,22.0,0.5466911345141037,1931.4648629933106,1931.4648629933106
89,4,5.0,21.0,0.5437100635126828,1744.6486433209764,1931.4648629933106
89,5,5.0,22.0,0.5468112317521132,1931.4648629933106,1931.4648629933106
89,6,5.0,22.0,0.5468601227324842,1931.4648629933106,1931.4648629933106
89,7,5.0,22.0,0.5470410239680904,1931.4648629933106,1931.4648629933106
89,8,5.0,22.0,0.5468845696780499,1931.4648629933106,1931.4648629933106
89,9,5.0,22.0,0.5468451168323536,1931.4648629933106,1931.4648629933106
90,0,5.0,22.0,0.5469027133388598,1931.4648629933106,1931.4648629933106
90,1,5.0,22.0,0.5468469082617768,1931.4648629933106,1931.4648629933106
90,2,5.0,22.0,0.5452861555202428,1800.1550315396244,1931.4648629933106
90,3,5.0,22.0,0.5468160160154512,1931.4648629933106,1931.4648629933106
90,4,5.0,23.0,0.5482912489272067,1608.0397942346115,1931.4648629933106
90,5,5.0,22.0,0.5471354718718362,1931.4648629933106,1931.4648629933106
90,6,5.0,22.0,0.5467955703668157,1931.4648629933106,1931.4648629933106
90,7,5.0,22.0,0.547192566106189,1931.4648629933106,1931.4648629933106
90,8,5.0,22.0,0.5468915507581117,1931.4648629933106,1931.4648629933106
90,9,5.0,22.0,0.5468451165642481,1931.4648629933106,1931.4648629933106
91,0,5.0,22.0,0.5469385051004457,1931.4648629933106,1931.4648629933106
91,1,5.0,22.0,0.546806125371363,1931.4648629933106,1931.4648629933106
91,2,5.0,22.0,0.5442194272157915,1930.8459019648467,1931.4648629933106
91,3,5.0,22.0,0.5474272798192038,1768.6756114365148,1931.4648629933106
91,4,5.0,23.0,0.5494068962619727,1601.5543181562489,1931.4648629933106
91,5,5.0,22.0,0.5472928889030101,1931.4648629933106,1931.4648629933106
91,6,5.0,22.0,0.546759386150257,1931.4648629933106,1931.4648629933106
91,7,5.0,22.0,0.5472732986759373,1931.4648629933106,1931.4648629933106
91,8,5.0,22.0,0.5468747937693214,1931.4648629933106,1931.4648629933106
91,9,5.0,22.0,0.5468451162280489,1931.4648629933106,1931.4648629933106
92,0,5.0,22.0,0.5466086472600087,1931.4648629933106,1931.4648629933106
92,1,5.0,22.0,0.546715067635804,1931.4648629933106,1931.4648629933106
92,2,5.0,22.0,0.5457376107101479,1800.1550315396244,1931.4648629933106
92,3,5.0,22.0,0.5471718069862124,1931.4648629933106,1931.4648629933106
92,4,5.0,22.0,0.5479026686223943,1621.897025844996,1931.4648629933106
92,5,5.0,22.0,0.5468010139679975,1931.4648629933106,1931.4648629933106
92,6,5.0,22.0,0.5468277241351541,1931.4648629933106,1931.4648629933106
92,7,5.0,22.0,0.5469658896308327,1931.4648629933106,1931.4648629933106
92,8,5.0,22.0,0.546850910751584,1931.4648629933106,1931.4648629933106
92,9,5.0,22.0,0.5468451160957706,1931.4648629933106,1931.4648629933106
93,0,5.0,22.0,0.5466797840176396,1931.4648629933106,1931.4648629933106
93,1,5.0,22.0,0.5467773910056438,1931.4648629933106,1931.4648629933106
93,2,5.0,22.0,0.5458867910405991,1800.1550315396244,1931.4648629933106
93,3,5.0,22.0,0.5466047779511164,1931.4648629933106,1931.4648629933106
93,4,5.0,21.0,0.5458651016474696,1868.128102667443,1931.4648629933106
93,5,5.0,22.0,0.547006227727698,1931.4648629933106,1931.4648629933106
93,6,5.0,22.0,0.5467826811045623,1931.4648629933106,1931.4648629933106
93,7,5.0,22.0,0.5470500668378402,1931.4648629933106,1931.4648629933106
93,8,5.0,22.0,0.5468614020000793,1931.4648629933106,1931.4648629933106
93,9,5.0,22.0,0.5468451162134375,1931.4648629933106,1931.4648629933106
94,0,5.0,22.0,0.5468153808989309,1931.4648629933106,1931.4648629933106
94,1,5.0,22.0,0.5468414455973937,1931.4648629933106,1931.4648629933106
94,2,5.0,22.0,0.546809905235039,1931.4648629933106,1931.4648629933106
94,3,5.0,22.0,0.5466968207726708,1931.4648629933106,1931.4648629933106
94,4,5.0,24.0,0.5480235090808641,1037.1462546228124,1931.4648629933106
94,5,5.0,22.0,0.5471892263222413,1931.4648629933106,1931.4648629933106
94,6,5.0,22.0,0.5467893315676211,1931.4648629933106,1931.4648629933106
94,7,5.0,22.0,0.5471983344480033,1931.4648629933106,1931.4648629933106
94,8,5.0,22.0,0.546883901574498,1931.4648629933106,1931.4648629933106
94,9,5.0,22.0,0.5468451163118522,1931.4648629933106,1931.4648629933106
95,0,5.0,22.0,0.5469058191066863,1931.4648629933106,1931.4648629933106
95,1,5.0,22.0,0.5467722731224584,1931.4648629933106,1931.4648629933106
95,2,5.0,22.0,0.5472750102139285,1931.4648629933106,1931.4648629933106
95,3,5.0,22.0,0.5474529199851468,1768.6756114365148,1931.4648629933106
95,4,5.0,23.0,0.5479528726000508,1505.659139589923,1931.4648629933106
95,5,5.0,22.0,0.5469873553423399,1931.4648629933106,1931.4648629933106
95,6,5.0,22.0,0.5468545826388092,1931.4648629933106,1931.4648629933106
95,7,5.0,22.0,0.5470701385800413,1931.4648629933106,1931.4648629933106
95,8,5.0,22.0,0.5468780393270346,1931.4648629933106,1931.4648629933106
95,9,5.0,22.0,0.5468451162474453,1931.4648629933106,1931.4648629933106
96,0,5.0,22.0,0.546730236616009,1931.4648629933106,1931.4648629933106
96,1,5.0,22.0,0.5467545263043423,1931.4648629933106,1931.4648629933106
96,2,5.0,22.0,0.5468332271903156,1931.4648629933106,1931.4648629933106
96,3,5.0,22.0,0.5470596895363355,1931.4648629933106,1931.4648629933106
96,4,5.0,20.0,0.546137823545568,1291.2858789490363,1931.4648629933106
96,5,5.0,22.0,0.5469637050280495,1931.4648629933106,1931.4648629933106
96,6,5.0,22.0,0.5468329115262144,1931.4648629933106,1931.4648629933106
96,7,5.0,22.0,0.54687541659433,1931.4648629933106,1931.4648629933106
96,8,5.0,22.0,0.5468529486126211,1931.4648629933106,1931.4648629933106
96,9,5.0,22.0,0.546845116224264,1931.4648629933106,1931.4648629933106
97,0,5.0,22.0,0.5466073663422214,1931.4648629933106,1931.4648629933106
97,1,5.0,22.0,0.5468707571139205,1931.4648629933106,1931.4648629933106
97,2,5.0,22.0,0.5465865627787437,1931.4648629933106,1931.4648629933106
97,3,5.0,22.0,0.5470584579705804,1931.4648629933106,1931.4648629933106
97,4,5.0,20.0,0.5459531306341506,1233.5942051997486,1931.4648629933106
97,5,5.0,22.0,0.546883059809539,1931.4648629933106,1931.4648629933106
97,6,5.0,22.0,0.5467678162374444,1931.4648629933106,1931.4648629933106
97,7,5.0,22.0,0.5472631059582315,1931.4648629933106,1931.4648629933106
97,8,5.0,22.0,0.5468682677482493,1931.4648629933106,1931.4648629933106
97,9,5.0,22.0,0.5468451162656499,1931.4648629933106,1931.4648629933106
98,0,5.0,22.0,0.546851272012318,1931.4648629933106,1931.4648629933106
98,1,5.0,22.0,0.5469048862106752,1931.4648629933106,1931.4648629933106
98,2,5.0,22.0,0.5468749505039033,1931.4648629933106,1931.4648629933106
98,3,5.0,22.0,0.5471631256272266,1931.4648629933106,1931.4648629933106
98,4,5.0,22.0,0.546928861114132,1931.4648629933106,1931.4648629933106
98,5,5.0,22.0,0.5472349888751507,1931.4648629933106,1931.4648629933106
98,6,5.0,22.0,0.5467504004791055,1931.4648629933106,1931.4648629933106
98,7,5.0,22.0,0.547346900323965,1914.2435517520275,1931.4648629933106
98,8,5.0,22.0,0.5468744499449494,1931.4648629933106,1931.4648629933106
98,9,5.0,22.0,0.5468451162805278,1931.4648629933106,1931.4648629933106
99,0,5.0,22.0,0.5467335073640373,1931.4648629933106,1931.4648629933106
99,1,5.0,22.0,0.5466893221917069,1931.4648629933106,1931.4648629933106
99,2,5.0,22.0,0.5469998238372247,1931.4648629933106,1931.4648629933106
99,3,5.0,22.0,0.5470310396710288,1931.4648629933106,1931.4648629933106
99,4,5.0,23.0,0.5474023802298156,1505.659139589923,1931.4648629933106
99,5,5.0,22.0,0.5470962907032988,1931.4648629933106,1931.4648629933106
99,6,5.0,22.0,0.5468101918490779,1931.4648629933106,1931.4648629933106
99,7,5.0,22.0,0.5467323402202214,1931.4648629933106,1931.4648629933106
99,8,5.0,22.0,0.5468873087526642,1931.4648629933106,1931.4648629933106
99,9,5.0,22.0,0.546845116254895,1931.4648629933106,1931.4648629933106
100,0,5.0,22.0,0.5465843728700668,1931.4648629933106,1931.4648629933106
100,1,5.0,22.0,0.5467539279757111,1931.4648629933106,1931.4648629933106
100,2,5.0,22.0,0.5468721657761324,1931.4648629933106,1931.4648629933106
100,3,5.0,22.0,0.5469978339503488,1931.4648629933106,1931.4648629933106
100,4,5.0,22.0,0.5468999642660114,1931.4648629933106,1931.4648629933106
100,5,5.0,22.0,0.546871596367645,1931.4648629933106,1931.4648629933106
100,6,5.0,22.0,0.5468434796549254,1931.4648629933106,1931.4648629933106
100,7,5.0,22.0,0.5468281226269049,1931.4648629933106,1931.4648629933106
100,8,5.0,22.0,0.5468494156113567,1931.4648629933106,1931.4648629933106
100,9,5.0,22.0,0.5468451162499689,1931.4648629933106,1931.4648629933106
